z_true,z_pred,abs_dz,abs_dz_norm,z_pred_map,z_confidence
1.270308256149292,0.8703988790512085,0.3999093770980835,0.17614761168,1.5201218128204346,0.19116777181625366
1.188575029373169,1.2014060020446777,0.012830972671508789,0.00586270632685767,1.2424135208129883,0.3607935309410095
0.32374465465545654,0.38868236541748047,0.06493771076202393,0.049056070242584564,0.37860918045043945,0.528398871421814
1.2629611492156982,1.0241899490356445,0.2387712001800537,0.10551272621839201,1.2864758968353271,0.3471055030822754
0.2816700339317322,0.372888445854187,0.09121841192245483,0.07117152582761685,0.37860918045043945,0.4695633053779602
0.323728084564209,0.32253360748291016,0.0011944770812988281,0.0009023583432484684,0.32598674297332764,0.6006323099136353
0.5124709606170654,0.5450021028518677,0.032531142234802246,0.02150860616955583,0.549341082572937,0.4529944062232971
1.1260889768600464,0.3980330228805542,0.7280559539794922,0.3424390803505952,0.13483142852783203,0.2384089231491089
0.9970716238021851,0.9059526920318604,0.09111893177032471,0.04562627132863927,0.8821612596511841,0.47800129652023315
0.34237170219421387,0.336661696434021,0.005710005760192871,0.004253669643705548,0.32598674297332764,0.6050655245780945
2.8658769130706787,2.4216151237487793,0.4442617893218994,0.11491876211056622,2.440624475479126,0.32744264602661133
1.3796592950820923,1.0696794986724854,0.30997979640960693,0.1302622594126078,0.9568556547164917,0.24131137132644653
0.20356395840644836,0.15304338932037354,0.05052056908607483,0.041975807544923034,0.13483142852783203,0.5595979690551758
0.8727013468742371,0.8387860059738159,0.03391534090042114,0.018110384208902243,0.8821612596511841,0.5324747562408447
1.4157028198242188,1.3700251579284668,0.04567766189575195,0.018908642868196733,1.569641351699829,0.18982750177383423
1.4025646448135376,1.3404364585876465,0.06212818622589111,0.02585911116273538,1.4715566635131836,0.41056203842163086
1.0656441450119019,1.084798812866211,0.019154667854309082,0.00927297564808711,1.1152548789978027,0.6086335182189941
0.37148845195770264,0.35918617248535156,0.012302279472351074,0.008970020458276875,0.3520420789718628,0.5866355299949646
0.290189653635025,0.3060950040817261,0.01590535044670105,0.012327916598841701,0.3004337549209595,0.6025457382202148
1.8016890287399292,0.8092523813247681,0.9924366474151611,0.3542279807768364,1.5201218128204346,0.14689654111862183
0.5842665433883667,0.5642856359481812,0.019980907440185547,0.012612086977139069,0.549341082572937,0.680264949798584
1.3159188032150269,1.061065673828125,0.25485312938690186,0.11004406934867804,1.4715566635131836,0.24795103073120117
0.37077099084854126,0.4153604507446289,0.044589459896087646,0.03252874491346338,0.405698299407959,0.5405693054199219
0.3721131682395935,0.27040135860443115,0.10171180963516235,0.07412785766472711,0.32598674297332764,0.34577441215515137
0.14215926826000214,0.18485748767852783,0.042698219418525696,0.03738377002672611,0.13483142852783203,0.4696041941642761
0.2868131995201111,0.2991286516189575,0.012315452098846436,0.009570504952419834,0.32598674297332764,0.5843417644500732
0.9881492853164673,0.8831039667129517,0.10504531860351562,0.05283572988172005,0.8821612596511841,0.41669005155563354
0.8345527052879333,0.8319624662399292,0.0025902390480041504,0.0014119185785930375,0.8103179931640625,0.5956230163574219
0.40049970149993896,0.36784660816192627,0.032653093338012695,0.023315316171107457,0.37860918045043945,0.5642250776290894
0.44258108735084534,0.7733280658721924,0.33074697852134705,0.2292744452436504,0.7412172555923462,0.385583758354187
0.3242763876914978,0.6969953775405884,0.3727189898490906,0.2814510575838485,0.13483142852783203,0.15289372205734253
0.14204756915569305,0.15175402164459229,0.009706452488899231,0.008499166541788741,0.13483142852783203,0.6621748208999634
1.391729712486267,1.243947982788086,0.14778172969818115,0.06178864147009241,1.2864758968353271,0.3865624666213989
0.3637292683124542,0.34770941734313965,0.016019850969314575,0.0117470903804377,0.32598674297332764,0.5784270167350769
0.7961072325706482,1.2474305629730225,0.45132333040237427,0.25127861088584635,2.5082311630249023,0.2143855094909668
0.9583737850189209,0.9537416696548462,0.004632115364074707,0.002365286647272984,0.9568556547164917,0.37711578607559204
0.9819811582565308,0.8020575046539307,0.1799236536026001,0.09077969931907512,1.5201218128204346,0.14832276105880737
0.14883068203926086,0.1488654613494873,3.477931022644043e-05,3.027366066225228e-05,0.13483142852783203,0.6703934669494629
0.36950963735580444,0.396486759185791,0.026977121829986572,0.019698380423282702,0.37860918045043945,0.5540828704833984
0.1488901972770691,0.19307971000671387,0.044189512729644775,0.038462781590770184,0.20305168628692627,0.5975799560546875
1.5738052129745483,0.8637601137161255,0.7100450992584229,0.27587367360944276,1.5201218128204346,0.16311734914779663
0.768233597278595,0.9795362949371338,0.21130269765853882,0.11949931162022079,1.0744919776916504,0.2299116849899292
5.900884934817441e-05,0.010218977928161621,0.010159969078813447,0.010159369586104068,0.009776949882507324,0.9976828098297119
0.00019994686590507627,0.009878754615783691,0.009678807749878615,0.009676872889472603,0.009776949882507324,0.9987905621528625
0.5868819355964661,0.581873893737793,0.005008041858673096,0.0031559007298111994,0.549341082572937,0.6399942636489868
0.6967247724533081,0.646999716758728,0.04972505569458008,0.029306494784467736,0.6747537851333618,0.5822299718856812
0.3542497158050537,0.35743725299835205,0.00318753719329834,0.002353729268758577,0.3520420789718628,0.5946214199066162
0.7057034969329834,0.7182106971740723,0.012507200241088867,0.0073325758337120135,0.7076621055603027,0.6318187713623047
1.3909728527069092,1.2546439170837402,0.13632893562316895,0.0570181863289773,1.4715566635131836,0.33889704942703247
0.36975282430648804,0.19293034076690674,0.1768224835395813,0.12909079682249044,0.009776949882507324,0.5177133083343506
1.1527869701385498,1.1555192470550537,0.0027322769165039062,0.0012691812772947346,1.199199914932251,0.642411470413208
0.2897685170173645,0.27628564834594727,0.013482868671417236,0.010453712037100153,0.27537310123443604,0.5691190958023071
0.3700999617576599,0.388393759727478,0.018293797969818115,0.013352162966525125,0.37860918045043945,0.5633448362350464
0.1751721054315567,0.18587446212768555,0.010702356696128845,0.009107054742589073,0.17986774444580078,0.6337383985519409
1.3588881492614746,1.0816657543182373,0.2772223949432373,0.1175224840694675,1.4715566635131836,0.21614593267440796
1.0609347820281982,0.658995509147644,0.4019392728805542,0.19502765268729147,1.0744919776916504,0.41658324003219604
0.7981007695198059,0.7542756795883179,0.04382508993148804,0.02437298880818109,0.7412172555923462,0.6160663366317749
1.3969064950942993,1.173487663269043,0.22341883182525635,0.09321132563265326,1.4715566635131836,0.2631828188896179
0.1749384105205536,0.20943903923034668,0.03450062870979309,0.02936377634850466,0.22669124603271484,0.5757191181182861
0.00030312457238323987,0.009862422943115234,0.009559298370731995,0.009556401590586325,0.009776949882507324,0.9988709688186646
5.781366053270176e-05,0.009838700294494629,0.009780886633961927,0.009780321197792298,0.009776949882507324,0.999106228351593
0.00020500831305980682,0.010287046432495117,0.01008203811943531,0.010079971641453406,0.009776949882507324,0.9861671328544617
0.5365063548088074,1.0625543594360352,0.5260480046272278,0.3423663058606,1.569641351699829,0.22319388389587402
0.7101128697395325,0.630456805229187,0.07965606451034546,0.046579419358722146,0.6108274459838867,0.5275508165359497
0.9272060394287109,0.9468038082122803,0.019597768783569336,0.010169005483907043,0.9568556547164917,0.4609191417694092
1.2973222732543945,1.2415027618408203,0.05581951141357422,0.024297640807051466,1.2864758968353271,0.44850051403045654
0.5589666366577148,0.5213205814361572,0.03764605522155762,0.024148082669855846,0.549341082572937,0.6010480523109436
0.564802885055542,0.8459740877151489,0.28117120265960693,0.17968474198565074,1.5201218128204346,0.16961979866027832
0.3683473467826843,0.3680996894836426,0.00024765729904174805,0.00018099008239687845,0.3520420789718628,0.572340726852417
0.8337225317955017,0.8034176826477051,0.03030484914779663,0.016526409324383137,0.8103179931640625,0.5712795257568359
0.798221230506897,0.7150741815567017,0.08314704895019531,0.04623849810001251,0.7412172555923462,0.592130184173584
0.36735567450523376,0.36705446243286133,0.0003012120723724365,0.00022028801868352767,0.3520420789718628,0.5834917426109314
1.570547342300415,1.1261858940124512,0.44436144828796387,0.1728664712668934,1.4715566635131836,0.24842286109924316
0.32617324590682983,0.35642027854919434,0.030247032642364502,0.022807753614183152,0.3520420789718628,0.5965020656585693
0.3707263469696045,0.3907756805419922,0.020049333572387695,0.014626795214604775,0.37860918045043945,0.5870929956436157
0.3244004249572754,0.2886950969696045,0.0357053279876709,0.026959616831006936,0.3004337549209595,0.5818181037902832
1.8088781833648682,1.7620196342468262,0.04685854911804199,0.01668230021349956,1.8322229385375977,0.417949378490448
0.8897525072097778,0.8651837110519409,0.024568796157836914,0.013001065517363845,0.8821612596511841,0.5552122592926025
0.18087971210479736,0.17525076866149902,0.00562894344329834,0.00476673736164484,0.15713047981262207,0.6403051614761353
0.3628937005996704,0.3855217695236206,0.022628068923950195,0.016602959507402443,0.37860918045043945,0.5669382810592651
0.6958008408546448,0.7005956172943115,0.004794776439666748,0.0028274407726147197,0.7076621055603027,0.6267093420028687
1.0149118900299072,0.9724700450897217,0.04244184494018555,0.021063871403109138,0.9568556547164917,0.6574064493179321
1.907277226448059,1.8074595928192139,0.09981763362884521,0.034333717032825437,1.8322229385375977,0.40847474336624146
0.15017376840114594,1.044767141342163,0.8945933729410172,0.7777897544860456,1.2864758968353271,0.23431271314620972
0.2909301519393921,0.37620532512664795,0.08527517318725586,0.06605715503596003,0.37860918045043945,0.564719557762146
1.206538438796997,0.5441818237304688,0.6623566150665283,0.30017905123268307,0.22669124603271484,0.17931294441223145
1.0349316596984863,0.9164292812347412,0.11850237846374512,0.05823408265283144,0.8821612596511841,0.6213482022285461
0.11187639832496643,0.14041495323181152,0.028538554906845093,0.025667021037444643,0.13483142852783203,0.6334522366523743
0.3681987226009369,0.41970598697662354,0.051507264375686646,0.03764604039226968,0.405698299407959,0.5697605609893799
0.8766775131225586,0.9137407541275024,0.03706324100494385,0.019749392607830214,0.8821612596511841,0.6153125166893005
0.2874389886856079,0.32103943824768066,0.033600449562072754,0.026098673302085283,0.11296224594116211,0.33493804931640625
1.0522011518478394,0.6762436628341675,0.3759574890136719,0.18319719228066553,0.7412172555923462,0.21593785285949707
0.38795629143714905,0.3328913450241089,0.05506494641304016,0.03967340092246246,0.0915142297744751,0.31684088706970215
1.2369349002838135,1.235215187072754,0.0017197132110595703,0.0007687810721900668,1.2864758968353271,0.48521578311920166
0.08101245015859604,0.8449965715408325,0.7639841213822365,0.7067301780568317,0.8821612596511841,0.2611466646194458
2.8753484002663754e-05,0.010416269302368164,0.0103875158183655,0.010387217149683355,0.009776949882507324,0.9906194806098938
1.3634397983551025,1.0822837352752686,0.281156063079834,0.11896053509613905,1.4715566635131836,0.21127849817276
0.803326427936554,1.141838550567627,0.338512122631073,0.18771538939758875,1.199199914932251,0.3553647994995117
0.34420013427734375,0.3158608675003052,0.028339266777038574,0.02108262456934961,0.32598674297332764,0.5862808227539062
0.2908638119697571,0.31857216358184814,0.027708351612091064,0.02146496892635815,0.32598674297332764,0.6102824211120605
1.2223877906799316,1.1414122581481934,0.08097553253173828,0.03643627492525241,1.199199914932251,0.5122288465499878
0.8853243589401245,0.8422379493713379,0.04308640956878662,0.02285357920745721,0.8821612596511841,0.5310404896736145
0.8910152316093445,0.8811739683151245,0.00984126329421997,0.005204222118213498,0.8821612596511841,0.6147663593292236
0.8907100558280945,0.7971483469009399,0.09356170892715454,0.049484958647547005,0.8103179931640625,0.35369735956192017
0.3642628490924835,0.3811018466949463,0.01683899760246277,0.012342927621069633,0.37860918045043945,0.5930041074752808
0.996423065662384,0.9352624416351318,0.0611606240272522,0.030635101887565096,0.9568556547164917,0.5479320287704468
0.7466776371002197,0.9643793106079102,0.21770167350769043,0.12463757987370355,0.9568556547164917,0.33132535219192505
0.00033858325332403183,0.010058164596557617,0.009719581343233585,0.009716291569623697,0.009776949882507324,0.9977293014526367
1.4174765348434448,0.8720109462738037,0.5454655885696411,0.22563428463845062,1.5201218128204346,0.16950273513793945
3.5961616039276123,2.142911672592163,1.4532499313354492,0.31618773589109367,3.3455934524536133,0.1669940948486328
0.5952673554420471,0.5747233629226685,0.020543992519378662,0.012878087456184384,0.549341082572937,0.5770555734634399
0.890251100063324,0.9305200576782227,0.04026895761489868,0.02130349645798363,0.9568556547164917,0.6421658992767334
1.0004900693893433,0.9555246829986572,0.044965386390686035,0.02247718550505571,0.995307207107544,0.6192379593849182
0.5398514270782471,0.547116756439209,0.007265329360961914,0.004718201531135594,0.5194836854934692,0.2110351324081421
3.5615543310996145e-05,1.2165899276733398,1.2165543121300288,1.2165109854303389,1.199199914932251,0.5417545437812805
0.14746929705142975,0.16836917400360107,0.020899876952171326,0.01821388773179052,0.15713047981262207,0.6093431711196899
0.38706791400909424,1.8792710304260254,1.4922031164169312,1.0757967229621517,1.9446210861206055,0.32126182317733765
0.8849786520004272,0.919157862663269,0.0341792106628418,0.01813241260136778,0.9568556547164917,0.22689920663833618
1.1851662397384644,1.182645559310913,0.0025206804275512695,0.0011535417222320631,1.199199914932251,0.42873644828796387
0.9069022536277771,0.9139262437820435,0.007023990154266357,0.0036834557937637344,0.8821612596511841,0.6535176038742065
1.4432778358459473,0.8734828233718872,0.5697950124740601,0.23320925852739843,0.8821612596511841,0.25899654626846313
1.1150909662246704,0.9349822998046875,0.1801086664199829,0.08515409941987871,1.4715566635131836,0.1673964262008667
0.8326260447502136,0.48339998722076416,0.34922605752944946,0.1905604575084214,0.02961885929107666,0.1994151473045349
0.20419852435588837,0.2024320363998413,0.001766487956047058,0.0014669408077807866,0.20305168628692627,0.6145392656326294
1.5652064085006714,1.1626155376434326,0.40259087085723877,0.15694287583374147,1.37721586227417,0.29066306352615356
1.307106852531433,0.9046087265014648,0.40249812602996826,0.17446011466193434,1.4715566635131836,0.15852981805801392
0.14890047907829285,0.1312028169631958,0.017697662115097046,0.015403999247432661,0.13483142852783203,0.6459589004516602
0.9271923899650574,0.8944764137268066,0.03271597623825073,0.016975978324013576,0.7412172555923462,0.32788825035095215
0.00023023018729873002,0.014892220497131348,0.014661990309832618,0.014658615454051092,0.009776949882507324,0.9260884523391724
2.324885099369567e-05,0.010177373886108398,0.010154125035114703,0.010153888968863059,0.009776949882507324,0.9891254901885986
0.11590638756752014,1.0801222324371338,0.9642158448696136,0.8640651721435476,1.4715566635131836,0.2245413064956665
0.11116934567689896,0.5703524351119995,0.45918308943510056,0.4132431219611955,0.9568556547164917,0.36237460374832153
0.0005408903816714883,0.35782575607299805,0.35728486569132656,0.35709171821556923,0.009776949882507324,0.3278781771659851
0.8834569454193115,0.9044749736785889,0.021018028259277344,0.01115928256836162,0.8821612596511841,0.5895627737045288
5.7774275774136186e-05,0.009868025779724121,0.009810251503949985,0.009809684756517605,0.009776949882507324,0.9988529682159424
0.36909928917884827,0.36402571201324463,0.005073577165603638,0.003705777371812561,0.37860918045043945,0.5955278873443604
0.5971236824989319,0.5895591974258423,0.0075644850730896,0.004736317641507804,0.549341082572937,0.4288761019706726
0.1503530591726303,0.22278475761413574,0.07243169844150543,0.06296475491932935,0.20305168628692627,0.4482865333557129
0.1440136730670929,0.15661883354187012,0.012605160474777222,0.011018365227211727,0.15713047981262207,0.6590485572814941
0.14870722591876984,0.18592596054077148,0.03721873462200165,0.03240054017439736,0.17986774444580078,0.5851373672485352
4.927679765387438e-05,0.010888338088989258,0.010839061291335383,0.010838527203423515,0.009776949882507324,0.9919931888580322
0.8334969282150269,0.8282054662704468,0.005291461944580078,0.0028859944421785865,0.8821612596511841,0.5566071271896362
1.566565752029419,1.195995807647705,0.37056994438171387,0.14438357719403802,1.569641351699829,0.31179994344711304
0.9525591135025024,0.9278970956802368,0.024662017822265625,0.012630612641492258,0.9568556547164917,0.29920047521591187
1.2155351638793945,0.7648987770080566,0.4506363868713379,0.203398435835374,1.5201218128204346,0.13926100730895996
1.0889192819595337,0.9736425876617432,0.11527669429779053,0.05518484859293077,1.1152548789978027,0.5423625707626343
0.18086613714694977,0.18792712688446045,0.007060989737510681,0.005979500567753172,0.17986774444580078,0.5967007875442505
1.5665313005447388,1.2898564338684082,0.27667486667633057,0.10780108803567177,1.4715566635131836,0.3963850140571594
1.1137956380844116,1.2091550827026367,0.0953594446182251,0.04511289686672021,1.2864758968353271,0.3875728249549866
1.1886093616485596,1.1288626194000244,0.059746742248535156,0.027298952154500157,1.199199914932251,0.5274745225906372
0.5015813112258911,0.4314464330673218,0.07013487815856934,0.046707346205122395,0.405698299407959,0.5473381280899048
0.25700777769088745,0.24368488788604736,0.013322889804840088,0.010598892100185825,0.22669124603271484,0.5954409837722778
1.1151435375213623,0.8966556787490845,0.21848785877227783,0.10329694174245665,1.4715566635131836,0.14818596839904785
2.5798468589782715,2.5105912685394287,0.06925559043884277,0.019345964552966687,2.5082311630249023,0.33204150199890137
0.8327727913856506,0.8078128099441528,0.024959981441497803,0.013618699251109595,0.8103179931640625,0.5594148635864258
1.061029076576233,0.9002370834350586,0.16079199314117432,0.07801539287756233,1.1152548789978027,0.3925570249557495
0.05839502438902855,0.9196575880050659,0.8612625636160374,0.81374396493711,1.5201218128204346,0.19953519105911255
0.14736230671405792,0.6875796318054199,0.540217325091362,0.47083412269180747,0.13483142852783203,0.1493595838546753
1.5440895557403564,0.9325110912322998,0.6115784645080566,0.2403918773724461,1.5201218128204346,0.2604691982269287
0.2866385281085968,0.3408629894256592,0.05422446131706238,0.04214428538586841,0.32598674297332764,0.5940006971359253
0.37114274501800537,1.0451180934906006,0.6739753484725952,0.49154280319934507,1.2864758968353271,0.2622995376586914
1.2029837369918823,1.1353254318237305,0.06765830516815186,0.030712121942641998,1.199199914932251,0.618233323097229
0.00015203261864371598,0.010084271430969238,0.009932238812325522,0.009930729017587937,0.009776949882507324,0.9971336126327515
1.002519965171814,0.9516311883926392,0.050888776779174805,0.02541236924686971,0.9568556547164917,0.5779433250427246
1.5577735900878906,0.6956909894943237,0.8620826005935669,0.3370441402375821,1.5201218128204346,0.16750597953796387
1.239952802658081,1.194441318511963,0.045511484146118164,0.020318054957279067,1.199199914932251,0.5894973278045654
1.1855534315109253,1.2214536666870117,0.035900235176086426,0.016426153055094945,1.199199914932251,0.58711838722229
1.0116701126098633,0.9296103715896606,0.08205974102020264,0.040791847781513985,0.9568556547164917,0.5471024513244629
0.8834588527679443,0.8961279392242432,0.012669086456298828,0.006726500256525514,0.8821612596511841,0.6329671144485474
1.385236144065857,1.2524545192718506,0.13278162479400635,0.05566812540735179,1.2864758968353271,0.40734314918518066
1.0547147989273071,1.0119829177856445,0.0427318811416626,0.02079698903418196,1.4715566635131836,0.18544185161590576
0.1467234343290329,0.14728403091430664,0.0005605965852737427,0.0004888681686371545,0.13483142852783203,0.667194664478302
0.945717453956604,0.9876631498336792,0.041945695877075195,0.021557958372516468,0.9568556547164917,0.6018581390380859
1.364368200302124,1.237699031829834,0.12666916847229004,0.053574214226068506,1.4715566635131836,0.3561818599700928
1.095969319343567,1.1223578453063965,0.02638852596282959,0.012590129883720897,1.37721586227417,0.2238832712173462
0.8896390199661255,0.9204573631286621,0.03081834316253662,0.016309116628576543,0.8821612596511841,0.5385251045227051
0.1080317273736,0.11127340793609619,0.0032416805624961853,0.0029256207041832957,0.11296224594116211,0.6134017705917358
0.149221271276474,0.14841175079345703,0.0008095204830169678,0.0007044078483839839,0.13483142852783203,0.6438027024269104
0.481506884098053,0.6130062341690063,0.13149935007095337,0.0887605393416789,0.6108274459838867,0.570071280002594
0.4070751368999481,0.39374232292175293,0.01333281397819519,0.009475552249164102,0.37860918045043945,0.5831195116043091
0.0001222221035277471,0.009858965873718262,0.009736743770190515,0.009735553870317477,0.009776949882507324,0.99858558177948
0.0002131344226654619,0.010216236114501953,0.010003101691836491,0.010000970140839428,0.009776949882507324,0.9878650903701782
1.413421630859375,0.9126297235488892,0.5007919073104858,0.2075028668455926,1.4715566635131836,0.163066565990448
0.8335283398628235,0.8263483047485352,0.00718003511428833,0.003915966259253734,0.8103179931640625,0.5889220833778381
0.1750456988811493,0.15666460990905762,0.018381088972091675,0.015642871583287112,0.15713047981262207,0.6445527076721191
0.00046683126129209995,0.010482072830200195,0.010015241568908095,0.010010568322671772,0.009776949882507324,0.9959757328033447
7.071114669088274e-05,0.009893417358398438,0.009822706211707555,0.009822011685998427,0.009776949882507324,0.9988083243370056
0.9223127961158752,1.1994922161102295,0.27717941999435425,0.14419059195486214,1.569641351699829,0.29077011346817017
1.0022530555725098,1.226560115814209,0.22430706024169922,0.11202732822278674,1.199199914932251,0.37808090448379517
2.7572436010814272e-05,0.010151386260986328,0.010123813824975514,0.010123534694462947,0.009776949882507324,0.9901583194732666
1.4571129083633423,1.3524489402770996,0.10466396808624268,0.04259632014873841,1.4715566635131836,0.43426620960235596
1.0784379243850708,1.0864818096160889,0.008043885231018066,0.003870158996159551,1.199199914932251,0.30303889513015747
0.0006828189361840487,0.009844779968261719,0.00916196103207767,0.00915570934036587,0.009776949882507324,0.9989538192749023
0.9992202520370483,0.9684834480285645,0.030736804008483887,0.015374396081254928,0.995307207107544,0.6781018972396851
0.2914409935474396,0.41003668308258057,0.11859568953514099,0.09183206211332373,0.37860918045043945,0.55418860912323
1.1141291856765747,0.9564504623413086,0.1576787233352661,0.07458329623542137,1.1152548789978027,0.42369818687438965
0.5037281513214111,0.5388065576553345,0.03507840633392334,0.023327624945438413,0.549341082572937,0.6312979459762573
0.9453257918357849,0.9509463310241699,0.00562053918838501,0.0028892534155325017,0.9568556547164917,0.7214819192886353
0.14785124361515045,0.14399421215057373,0.003857031464576721,0.003360218918637074,0.13483142852783203,0.668820858001709
0.7620322704315186,0.7378712892532349,0.02416098117828369,0.013711996984236112,0.7076621055603027,0.2750299572944641
0.8317089080810547,0.8547955751419067,0.02308666706085205,0.012603895170787938,0.8821612596511841,0.5495256185531616
0.3155653476715088,0.3579357862472534,0.04237043857574463,0.03220701932499088,0.37860918045043945,0.6003602743148804
1.2029542922973633,0.7823601961135864,0.42059409618377686,0.19092275207633017,0.8821612596511841,0.3919239044189453
0.14353983104228973,0.22358441352844238,0.08004458248615265,0.06999719669860147,0.22669124603271484,0.4823593497276306
0.8905331492424011,0.8903610706329346,0.00017207860946655273,9.102120718460309e-05,0.8821612596511841,0.623465359210968
1.127699851989746,0.8790240287780762,0.24867582321166992,0.11687542440683892,1.5201218128204346,0.16184717416763306
1.1184788942337036,1.2353317737579346,0.11685287952423096,0.0551588594261162,1.569641351699829,0.21246850490570068
0.1492728888988495,0.29108667373657227,0.14181378483772278,0.12339435325373292,0.15713047981262207,0.3436063528060913
0.12085316330194473,0.12113237380981445,0.00027921050786972046,0.0002491053395854176,0.11296224594116211,0.6040947437286377
0.21977783739566803,0.21934401988983154,0.0004338175058364868,0.00035565288410447347,0.20305168628692627,0.597650408744812
0.49815768003463745,0.4998999834060669,0.0017423033714294434,0.0011629639487541533,0.11296224594116211,0.1847550868988037
0.20129644870758057,0.20032095909118652,0.000975489616394043,0.0008120307168505553,0.22669124603271484,0.5198838710784912
1.1355412006378174,0.8985428810119629,0.2369983196258545,0.1109781068869431,1.199199914932251,0.16093027591705322
2.2267220629146323e-05,0.020632386207580566,0.02061011898695142,0.020609660067103613,0.009776949882507324,0.9595797061920166
1.1507147550582886,0.813704252243042,0.3370105028152466,0.15669697807327915,1.5201218128204346,0.14203953742980957
0.03958430886268616,0.1529940366744995,0.11340972781181335,0.1090914193730805,0.13483142852783203,0.6160346865653992
1.324802041053772,1.1863179206848145,0.13848412036895752,0.059568134371641504,1.4715566635131836,0.29393941164016724
1.0788849592208862,1.0621662139892578,0.016718745231628418,0.00804216950893434,1.0744919776916504,0.6617871522903442
1.1289199590682983,1.134721279144287,0.0058013200759887695,0.0027250061944685145,1.1152548789978027,0.6525254249572754
0.00017857931379694492,0.010947346687316895,0.01076876737351995,0.010766844637792775,0.009776949882507324,0.9724557995796204
0.8488574028015137,0.9362013339996338,0.08734393119812012,0.0472421134619526,0.9568556547164917,0.6226015686988831
8.81585365277715e-05,0.04400956630706787,0.0439214077705401,0.043917536064832716,0.009776949882507324,0.8886780142784119
0.0011978736147284508,0.7480205297470093,0.7468226561322808,0.7459291273122161,1.5201218128204346,0.17784559726715088
1.4281951189041138,0.829047441482544,0.5991476774215698,0.24674610073838527,1.5201218128204346,0.16274511814117432
0.23101715743541718,0.24230825901031494,0.011291101574897766,0.009172172383381368,0.22669124603271484,0.6143215894699097
0.5031079649925232,0.5421441793441772,0.03903621435165405,0.025970332977277667,0.549341082572937,0.6497544646263123
1.3589441776275635,1.2333416938781738,0.12560248374938965,0.053245212388073775,1.2424135208129883,0.46428245306015015
1.0508983135223389,1.070918321609497,0.020020008087158203,0.009761580062336007,1.0744919776916504,0.6376487016677856
0.7970663905143738,0.7889922857284546,0.00807410478591919,0.0044929362813402466,0.8103179931640625,0.547374963760376
0.8728654980659485,0.8262883424758911,0.04657715559005737,0.0248694610681633,0.8103179931640625,0.5808631181716919
1.2088935375213623,1.1931579113006592,0.015735626220703125,0.007123759453957362,1.2864758968353271,0.3248494267463684
1.2649171352386475,1.2781882286071777,0.013271093368530273,0.005859416736291299,1.2864758968353271,0.5303534269332886
1.0520474910736084,0.9691500663757324,0.08289742469787598,0.040397420166189704,0.9568556547164917,0.2864624857902527
0.9344534873962402,0.9144605398178101,0.019992947578430176,0.010335191674905831,0.8821612596511841,0.6632015109062195
0.0003073925618082285,0.010058403015136719,0.00975101045332849,0.009748013986336687,0.009776949882507324,0.9980076551437378
1.6123363971710205,1.1861279010772705,0.42620849609375,0.1631522251710401,1.569641351699829,0.3311281204223633
0.8781880736351013,0.7324246168136597,0.14576345682144165,0.07760855202286888,0.7412172555923462,0.6323158740997314
0.799312949180603,0.8331083059310913,0.03379535675048828,0.018782367328528646,0.8821612596511841,0.5406678915023804
1.6114282608032227,1.071507453918457,0.5399208068847656,0.2067530688048451,1.7241153717041016,0.22262561321258545
0.8829773664474487,0.910568356513977,0.02759099006652832,0.014652852741710503,0.8821612596511841,0.4917227029800415
0.29067444801330566,0.29689526557922363,0.006220817565917969,0.004819819262319384,0.3004337549209595,0.6208482980728149
0.508251965045929,0.5705164670944214,0.06226450204849243,0.04128255987161692,0.549341082572937,0.6738522052764893
0.2901874780654907,0.3126474618911743,0.022459983825683594,0.01740831019330627,0.3004337549209595,0.6143375635147095
0.8884961009025574,0.9802417755126953,0.09174567461013794,0.048581341823417314,0.9568556547164917,0.5542478561401367
0.9503520131111145,0.9298427104949951,0.020509302616119385,0.010515692797119152,0.9568556547164917,0.659038782119751
1.0494189262390137,0.9626443386077881,0.08677458763122559,0.04234106873916196,0.8821612596511841,0.24815881252288818
0.8891370296478271,0.9113059043884277,0.022168874740600586,0.011734921497321613,0.8821612596511841,0.5474523305892944
0.9504004716873169,1.1580727100372314,0.20767223834991455,0.10647671663566334,1.199199914932251,0.568049430847168
1.1615171432495117,1.1325664520263672,0.02895069122314453,0.013393690313101832,1.199199914932251,0.6187951564788818
0.00012756978685501963,0.009951114654541016,0.009823544867685996,0.009822291840009538,0.009776949882507324,0.9946759939193726
0.5361002087593079,0.5544888973236084,0.018388688564300537,0.01197102146034658,0.549341082572937,0.6949542164802551
0.9212405681610107,0.6326596736907959,0.28858089447021484,0.15020549703801078,0.11296224594116211,0.15795016288757324
0.642128050327301,0.6708865165710449,0.028758466243743896,0.017512925522471832,0.20305168628692627,0.14163494110107422
0.36492154002189636,0.3553217649459839,0.009599775075912476,0.007033206520983231,0.3520420789718628,0.6019664406776428
0.9425870180130005,0.8946866989135742,0.04790031909942627,0.024658004328898333,0.9568556547164917,0.45270633697509766
1.4609020948410034,1.1311967372894287,0.3297053575515747,0.13397743788457242,1.4715566635131836,0.2937425374984741
0.5064987540245056,0.5296884775161743,0.0231897234916687,0.015393124906156732,0.549341082572937,0.6517853736877441
0.2032793015241623,0.8642309904098511,0.6609516888856888,0.549291995672558,1.5201218128204346,0.16936886310577393
1.0470311641693115,1.0177652835845947,0.029265880584716797,0.01429674403447245,1.0345144271850586,0.6554369926452637
0.0002937131212092936,0.010428786277770996,0.010135073156561702,0.010132097226660863,0.009776949882507324,0.9858049750328064
0.14717945456504822,0.16261446475982666,0.015435010194778442,0.013454747758388515,0.15713047981262207,0.6448346376419067
1.0500222444534302,1.0264272689819336,0.023594975471496582,0.011509619242101147,0.9568556547164917,0.3517528176307678
0.14858828485012054,0.23374426364898682,0.08515597879886627,0.07413968949716242,0.22669124603271484,0.5287538766860962
1.1413347721099854,1.1279666423797607,0.01336812973022461,0.006242895741636975,1.37721586227417,0.24784857034683228
0.9998864531517029,0.9683631658554077,0.031523287296295166,0.015762538541433852,0.9568556547164917,0.6383520364761353
0.0008064362336881459,0.010036468505859375,0.009230032272171229,0.009222594837525622,0.009776949882507324,0.9976310729980469
1.57310950756073,0.8001489639282227,0.7729605436325073,0.3003993966682213,0.7076621055603027,0.2366570234298706
0.14630500972270966,0.14292335510253906,0.0033816546201705933,0.0029500478419688778,0.13483142852783203,0.6791097521781921
1.123989224433899,1.0789003372192383,0.045088887214660645,0.02122839734588487,1.199199914932251,0.5996503233909607
0.3640875816345215,0.3438088893890381,0.0202786922454834,0.014866121881400315,0.32598674297332764,0.6064481735229492
1.0776972770690918,1.145561933517456,0.06786465644836426,0.0326633996190714,1.2864758968353271,0.2813676595687866
1.105115294456482,1.0461010932922363,0.059014201164245605,0.028033714504688178,1.0744919776916504,0.5161700248718262
0.48879024386405945,0.4661538600921631,0.022636383771896362,0.015204548703345262,0.4614841938018799,0.49444860219955444
0.9513365626335144,1.0946686267852783,0.14333206415176392,0.07345327653694125,0.8821612596511841,0.3680843114852905
1.5584698915481567,1.0192043781280518,0.539265513420105,0.21077657204470357,1.4715566635131836,0.23704838752746582
0.3703545033931732,0.36701297760009766,0.0033415257930755615,0.0024384389475872966,0.37860918045043945,0.601142406463623
0.7088733315467834,0.705026388168335,0.0038469433784484863,0.0022511577115937745,0.7076621055603027,0.6374512910842896
1.2918884754180908,0.8210345506668091,0.47085392475128174,0.20544364605934312,1.5201218128204346,0.1501631736755371
1.271898627281189,1.2203459739685059,0.051552653312683105,0.02269144084759488,1.2864758968353271,0.3490138053894043
1.3044120073318481,1.2242109775543213,0.08020102977752686,0.034803251121047235,1.4239275455474854,0.38095492124557495
0.14005032181739807,0.14625024795532227,0.006199926137924194,0.005438291643162429,0.13483142852783203,0.6355382204055786
0.2902323305606842,0.2313251495361328,0.05890718102455139,0.04565625866695857,0.22669124603271484,0.6182039976119995
1.5283520221710205,0.8673198223114014,0.6610321998596191,0.26144784984964653,1.5201218128204346,0.14325934648513794
0.8477268218994141,0.7944653034210205,0.053261518478393555,0.028825429087857332,0.8103179931640625,0.49771201610565186
1.1664081811904907,1.0172557830810547,0.14915239810943604,0.06884778196668062,1.4715566635131836,0.2029300332069397
1.4943073987960815,1.0246310234069824,0.4696763753890991,0.18829931531927305,0.8458901643753052,0.3586748242378235
0.9736676812171936,0.9753667116165161,0.0016990303993225098,0.0008608492784736129,0.9568556547164917,0.7112197875976562
1.203790545463562,1.1781847476959229,0.02560579776763916,0.011618979771171059,1.199199914932251,0.6572296619415283
2.805157782859169e-05,0.3115885257720947,0.31156047419426613,0.31155173467653324,0.32598674297332764,0.5326812267303467
0.00036714025191031396,0.010452032089233398,0.010084891837323084,0.010081190626456932,0.009776949882507324,0.9958465099334717
0.1812385767698288,0.16291368007659912,0.018324896693229675,0.0155132900784025,0.15713047981262207,0.6513328552246094
0.8507431745529175,0.8587846755981445,0.00804150104522705,0.004345011861070151,0.8821612596511841,0.6469883322715759
0.9442967176437378,0.9420050382614136,0.0022916793823242188,0.0011786675158827961,0.8821612596511841,0.4705590605735779
0.7576152682304382,0.9394247531890869,0.18180948495864868,0.10344100227445903,0.9568556547164917,0.2500079274177551
0.9762957692146301,0.8093324899673462,0.16696327924728394,0.08448294119135533,1.5201218128204346,0.15762203931808472
0.4968380331993103,0.9226866960525513,0.42584866285324097,0.2844988257968305,1.2864758968353271,0.30893683433532715
1.5773591995239258,1.3200623989105225,0.2572968006134033,0.09982962431504683,1.569641351699829,0.24420875310897827
1.3623944520950317,1.1941795349121094,0.16821491718292236,0.0712052625393465,1.2864758968353271,0.2555501461029053
1.0147545337677002,1.022853136062622,0.008098602294921875,0.004019647137746875,1.0744919776916504,0.5938533544540405
0.6420793533325195,0.6754945516586304,0.03341519832611084,0.02034932006074879,0.6747537851333618,0.6053930521011353
0.945643424987793,0.85888671875,0.08675670623779297,0.044590239467099314,0.8821612596511841,0.6065743565559387
0.4070437550544739,0.39146196842193604,0.015581786632537842,0.011074130833930315,0.37860918045043945,0.5847125053405762
9.465846960665658e-05,0.11789381504058838,0.11779915657098172,0.11778800693850691,0.009776949882507324,0.608540415763855
0.00041051371954381466,0.010882019996643066,0.010471506277099252,0.01046720934405818,0.009776949882507324,0.9938210248947144
1.4755783081054688,0.8195078372955322,0.6560704708099365,0.2650170542623714,1.4715566635131836,0.1326221227645874
0.9516643285751343,0.9899411201477051,0.0382767915725708,0.019612384677090356,0.9568556547164917,0.577409029006958
1.5761491060256958,1.1359233856201172,0.4402257204055786,0.1708851864885757,1.37721586227417,0.22185951471328735
0.11733511090278625,0.746759295463562,0.6294241845607758,0.5633262379557844,1.5201218128204346,0.1811559796333313
1.2311800718307495,1.1785001754760742,0.05267989635467529,0.023610777552100434,1.199199914932251,0.36217355728149414
0.8536850214004517,0.9648444652557373,0.11115944385528564,0.05996673791500194,1.5201218128204346,0.19539564847946167
0.949922502040863,1.0593485832214355,0.10942608118057251,0.056118169345726825,0.9568556547164917,0.28143638372421265
0.9736219644546509,1.019244909286499,0.045622944831848145,0.023116354425278516,1.4715566635131836,0.27311402559280396
1.1884117126464844,1.0132510662078857,0.17516064643859863,0.08004007903374535,1.5201218128204346,0.19758784770965576
1.0141695737838745,0.9146026372909546,0.09956693649291992,0.04943324424560278,0.8821612596511841,0.5266100168228149
0.49567532539367676,1.0129165649414062,0.5172412395477295,0.3458245454517921,1.37721586227417,0.2056606411933899
0.9737200140953064,0.9857136011123657,0.011993587017059326,0.006076640522164854,0.9568556547164917,0.5980089902877808
1.54715096950531,0.7522851228713989,0.7948658466339111,0.3120607518557427,1.5201218128204346,0.16851657629013062
1.0248781442642212,0.9941868782043457,0.03069126605987549,0.015157092858557054,1.199199914932251,0.20398038625717163
2.879575490951538,0.6275193691253662,2.252056121826172,0.5804903467089935,0.0915142297744751,0.14871078729629517
0.9496644139289856,0.9589743614196777,0.009309947490692139,0.004775153828617423,0.9568556547164917,0.7080991268157959
2.471475090715103e-05,0.01434779167175293,0.014323076920845779,0.014322722938316046,0.009776949882507324,0.9638466238975525
1.4558709859848022,0.9472768306732178,0.5085941553115845,0.20709318942812407,1.5201218128204346,0.20443814992904663
0.9509268403053284,0.9547796249389648,0.0038527846336364746,0.001974848340819124,0.9568556547164917,0.6417210698127747
0.9764121770858765,0.9964085817337036,0.01999640464782715,0.01011752754797882,0.9568556547164917,0.46069014072418213
0.1790742576122284,0.27829456329345703,0.09922030568122864,0.08415102360233194,0.15713047981262207,0.3230634331703186
0.00010353819379815832,0.00984179973602295,0.009738261542224791,0.009737253364598865,0.009776949882507324,0.9990208148956299
0.9727320075035095,0.9300702810287476,0.04266172647476196,0.021625708059935793,0.9568556547164917,0.6303540468215942
0.9508322477340698,0.9657160043716431,0.014883756637573242,0.0076294395147819705,0.9568556547164917,0.5965746641159058
0.8555875420570374,1.214402437210083,0.35881489515304565,0.1933699634323242,1.4715566635131836,0.37762147188186646
1.3609235286712646,1.1853585243225098,0.17556500434875488,0.07436285089994568,1.199199914932251,0.4073079228401184
0.14969280362129211,0.433447003364563,0.2837541997432709,0.24680871172673643,0.15713047981262207,0.2170853614807129
0.7975257039070129,0.7038958072662354,0.09362989664077759,0.052088210164265396,0.7412172555923462,0.40945959091186523
0.11358964443206787,0.14165019989013672,0.028060555458068848,0.025198290589690035,0.13483142852783203,0.6360246539115906
0.000220585148781538,0.009863495826721191,0.009642910677939653,0.009640784064152492,0.009776949882507324,0.9989079236984253
2.106616735458374,1.741086721420288,0.36553001403808594,0.11766176685588248,2.5082311630249023,0.11584573984146118
1.1602907180786133,1.1727287769317627,0.012438058853149414,0.00575758565690268,1.199199914932251,0.6560119986534119
1.3604485988616943,1.272249698638916,0.08819890022277832,0.03736531279067524,1.4715566635131836,0.35438430309295654
0.8311761617660522,0.9542912244796753,0.12311506271362305,0.0672327792837181,0.8458901643753052,0.3981055021286011
4.9544498324394226e-05,0.012068986892700195,0.012019442394375801,0.012018846926634384,0.009776949882507324,0.9902646541595459
3.6771012673852965e-05,0.00982511043548584,0.009788339422811987,0.009787979508893414,0.009776949882507324,0.9985330104827881
0.3580634891986847,0.38389432430267334,0.025830835103988647,0.019020344269199036,0.37860918045043945,0.5510414838790894
0.3796886205673218,0.3747767210006714,0.004911899566650391,0.0035601508147763365,0.32598674297332764,0.46124547719955444
0.1494075506925583,0.17898786067962646,0.029580309987068176,0.025735266807012887,0.17986774444580078,0.5915225744247437
1.2644057273864746,1.2910919189453125,0.02668619155883789,0.01178507510208362,1.2864758968353271,0.31713539361953735
0.00029007942066527903,0.009898543357849121,0.009608463937183842,0.009605677527811477,0.009776949882507324,0.9987802505493164
5.474510180647485e-05,0.01102912425994873,0.010974379158142256,0.010973778397526682,0.009776949882507324,0.9949181079864502
0.3438425660133362,0.33377397060394287,0.01006859540939331,0.007492392088206403,0.32598674297332764,0.5447311401367188
0.4347356855869293,0.4812353849411011,0.04649969935417175,0.032409941302289004,0.4614841938018799,0.5412468910217285
0.9823483824729919,0.7596936225891113,0.22265475988388062,0.11231868316007977,1.5201218128204346,0.168371319770813
0.5468839406967163,0.5374654531478882,0.009418487548828125,0.006088684031838897,0.549341082572937,0.6524651050567627
1.584527850151062,0.9802230596542358,0.6043047904968262,0.23381631985954626,1.5201218128204346,0.1908435821533203
0.00012712946045212448,0.009991049766540527,0.009863920306088403,0.009862666470621374,0.009776949882507324,0.9937286376953125
0.21750111877918243,0.2622568607330322,0.04475574195384979,0.0367603292214856,0.22669124603271484,0.42075812816619873
0.21716105937957764,0.2290341854095459,0.011873126029968262,0.00975476987081754,0.22669124603271484,0.5746153593063354
1.5775749683380127,2.279402732849121,0.7018277645111084,0.2722821928099488,2.440624475479126,0.3624475598335266
0.8480338454246521,0.8979477882385254,0.04991394281387329,0.027009214651262933,0.8821612596511841,0.583521842956543
1.8263295888900757,1.820612907409668,0.005716681480407715,0.002022652100759666,1.9446210861206055,0.421783447265625
1.204968810081482,1.1665215492248535,0.03844726085662842,0.01743664612435386,1.199199914932251,0.500944972038269
0.20264826714992523,0.23473572731018066,0.03208746016025543,0.026680668851165715,0.22669124603271484,0.5823351144790649
0.7976142764091492,1.0471417903900146,0.24952751398086548,0.13881037620557443,1.4715566635131836,0.3413541913032532
0.5251766443252563,0.5505642890930176,0.02538764476776123,0.016645707801926653,0.549341082572937,0.5911630392074585
0.9539913535118103,0.9881738424301147,0.03418248891830444,0.01749367460448071,0.9568556547164917,0.5604416728019714
0.7607852220535278,0.7702409029006958,0.009455680847167969,0.005370150049385476,0.8103179931640625,0.478138267993927
2.6234686374664307,2.449254274368286,0.17421436309814453,0.04807944556129983,2.5082311630249023,0.32285404205322266
0.5931491255760193,0.5637288093566895,0.029420316219329834,0.018466768582440528,0.549341082572937,0.6567773818969727
0.0002587078488431871,0.00990760326385498,0.009648895415011793,0.0096463998156664,0.009776949882507324,0.9978547096252441
0.07984858751296997,0.12845122814178467,0.0486026406288147,0.04500875510774415,0.13483142852783203,0.5765979886054993
2.5942821502685547,0.6705224514007568,1.9237596988677979,0.5352277919317102,1.5201218128204346,0.184367835521698
0.7599040865898132,0.7235300540924072,0.036374032497406006,0.020668190257963657,0.7412172555923462,0.5763722658157349
1.6944828033447266,0.9910223484039307,0.7034604549407959,0.2610743902568513,1.4715566635131836,0.23168021440505981
0.14202246069908142,0.13995146751403809,0.002070993185043335,0.001813443479715443,0.13483142852783203,0.5542035698890686
0.34466052055358887,0.3925057649612427,0.04784524440765381,0.03558165326959715,0.37860918045043945,0.5918878316879272
0.23425884544849396,0.2492682933807373,0.015009447932243347,0.012160697075490149,0.22669124603271484,0.6144189238548279
0.32977062463760376,0.5423245429992676,0.21255391836166382,0.15984254308489493,0.13483142852783203,0.14221906661987305
0.19015634059906006,0.258783221244812,0.06862688064575195,0.05766207203602252,0.22669124603271484,0.5222083926200867
1.0029630661010742,0.9588440656661987,0.04411900043487549,0.022026866686442007,0.9568556547164917,0.6357434988021851
0.9517923593521118,0.9759833812713623,0.02419102191925049,0.012394259975113635,1.0345144271850586,0.48096489906311035
1.133170247077942,1.2525341510772705,0.11936390399932861,0.055956107658465426,1.4715566635131836,0.33132606744766235
0.43195417523384094,0.4561804533004761,0.024226278066635132,0.01691833334169296,0.4614841938018799,0.5331369638442993
1.2804615497589111,1.1737077236175537,0.10675382614135742,0.046812377149109734,1.4715566635131836,0.2906184196472168
1.102544592868071e-05,0.010242462158203125,0.010231436712274444,0.010231323907365924,0.009776949882507324,0.9879667162895203
0.00014845628174953163,1.4317138195037842,1.4315653632220346,1.4313528698970983,1.7776434421539307,0.2535436749458313
0.18173769116401672,0.5461082458496094,0.36437055468559265,0.30833454616031253,0.17986774444580078,0.19724255800247192
0.43493446707725525,0.4857984781265259,0.05086401104927063,0.035446922640915396,0.5194836854934692,0.5550616979598999
0.43659695982933044,0.45073938369750977,0.014142423868179321,0.009844392173751684,0.405698299407959,0.5281094312667847
0.43627819418907166,0.441214919090271,0.004936724901199341,0.003437164834203053,0.405698299407959,0.5258935689926147
1.2573028802871704,0.6359643936157227,0.6213384866714478,0.2752570300146882,0.32598674297332764,0.34312373399734497
0.9200218915939331,0.8134105205535889,0.10661137104034424,0.05552612264844507,0.8103179931640625,0.5829272270202637
0.37142300605773926,0.39073216915130615,0.019309163093566895,0.01407965522546728,0.37860918045043945,0.5712397694587708
0.3715597093105316,0.4044860601425171,0.032926350831985474,0.02400650194699668,0.405698299407959,0.540138840675354
0.8890984654426575,0.9206861257553101,0.03158766031265259,0.016721023753121785,0.8821612596511841,0.598902702331543
1.5194059610366821,0.9514693021774292,0.5679366588592529,0.22542482936158453,1.5201218128204346,0.2281196117401123
0.3244509994983673,0.37058162689208984,0.046130627393722534,0.034829999306274374,0.37860918045043945,0.5960187911987305
0.8996999859809875,1.2297070026397705,0.33000701665878296,0.1737153335232407,1.569641351699829,0.3492984175682068
1.5311709642410278,1.0075104236602783,0.5236605405807495,0.20688469802266765,0.995307207107544,0.23359376192092896
0.5379266142845154,0.9758042097091675,0.4378775954246521,0.28471943417688006,1.5201218128204346,0.19080740213394165
0.8828218579292297,0.9736047983169556,0.09078294038772583,0.04821642578951732,0.9568556547164917,0.39164817333221436
0.00034160466748289764,0.009847044944763184,0.009505440277280286,0.00950219428336176,0.009776949882507324,0.9987528920173645
1.4573603868484497,1.2082717418670654,0.24908864498138428,0.10136431201320006,1.2864758968353271,0.3346936106681824
0.43603426218032837,0.44718921184539795,0.01115494966506958,0.007767885459872691,0.405698299407959,0.5327296853065491
0.11721865087747574,0.1329590082168579,0.01574035733938217,0.01408887806072654,0.13483142852783203,0.6715490818023682
0.20169048011302948,0.1956232786178589,0.006067201495170593,0.005048888707681133,0.20305168628692627,0.5641749501228333
0.17999912798404694,0.2091681957244873,0.02916906774044037,0.024719567200251966,0.22669124603271484,0.6276417970657349
0.8833525776863098,0.9163095951080322,0.03295701742172241,0.017499122475627987,0.8821612596511841,0.46415549516677856
0.9517117142677307,0.8991415500640869,0.0525701642036438,0.026935414600084917,0.8821612596511841,0.6153370141983032
0.5767766237258911,0.5954294204711914,0.018652796745300293,0.011829701471108896,0.5797851085662842,0.6192445755004883
0.953650712966919,0.9490609169006348,0.00458979606628418,0.002349343224876605,0.9568556547164917,0.6925796270370483
1.4591819047927856,1.3418731689453125,0.11730873584747314,0.0477023418311781,1.4715566635131836,0.43293362855911255
0.8053973317146301,1.2662594318389893,0.46086210012435913,0.25526907126126475,1.4715566635131836,0.39395296573638916
4.0440518205286935e-05,0.01020050048828125,0.010160059970075963,0.010159649108601227,0.009776949882507324,0.9973878264427185
1.2618199586868286,1.0819542407989502,0.17986571788787842,0.07952256199574133,0.9568556547164917,0.2676815986633301
0.7921465635299683,0.7828918695449829,0.009254693984985352,0.005164027414563962,0.8103179931640625,0.4457736015319824
0.180816650390625,0.20616793632507324,0.025351285934448242,0.021469282234512704,0.15713047981262207,0.43860870599746704
0.17982862889766693,0.17322933673858643,0.006599292159080505,0.005593432806632546,0.17986774444580078,0.5912572145462036
0.8546061515808105,0.9264709949493408,0.07186484336853027,0.03874938261542745,0.8821612596511841,0.4540303945541382
0.0001092954189516604,0.012341141700744629,0.012231846281792969,0.01223050954312846,0.009776949882507324,0.9809266328811646
0.5282566547393799,0.46698176860809326,0.06127488613128662,0.04009463066381091,0.4614841938018799,0.4880409836769104
0.9281903505325317,0.49785423278808594,0.4303361177444458,0.22318134598360304,0.13483142852783203,0.18667948246002197
1.0031298398971558,0.9984111785888672,0.004718661308288574,0.0023556442594509196,0.995307207107544,0.6566914916038513
0.2908650040626526,0.27610623836517334,0.014758765697479248,0.011433237132488663,0.27537310123443604,0.5568296313285828
0.1798759400844574,0.12009274959564209,0.05978319048881531,0.050669047870012446,0.11296224594116211,0.6109820008277893
0.9533549547195435,1.1079790592193604,0.1546241044998169,0.0791582216668948,1.0744919776916504,0.2759920358657837
1.5784265995025635,1.284080982208252,0.2943456172943115,0.11415706669761219,1.4715566635131836,0.34725314378738403
0.847987949848175,0.938571572303772,0.09058362245559692,0.04901743134366163,0.8821612596511841,0.416809618473053
0.8882645964622498,0.910247802734375,0.021983206272125244,0.011642015802929203,0.8821612596511841,0.5317574739456177
0.1796351820230484,0.16951978206634521,0.010115399956703186,0.008575023965761598,0.17986774444580078,0.6224048137664795
1.264154076576233,1.244044542312622,0.02010953426361084,0.008881698675745472,1.2864758968353271,0.5110956430435181
1.4569298028945923,1.06575345993042,0.39117634296417236,0.15921347956433848,0.9568556547164917,0.28757762908935547
0.8000597953796387,0.7330350875854492,0.06702470779418945,0.037234711850254794,0.7412172555923462,0.6136730909347534
5.415257874119561e-06,0.0098494291305542,0.00984401387268008,0.009843960565095117,0.009776949882507324,0.9985507130622864
1.0310120582580566,0.5758992433547974,0.4551128149032593,0.22408178870862888,0.13483142852783203,0.17384743690490723
0.5805076956748962,0.912621259689331,0.3321135640144348,0.21013093762420323,1.4715566635131836,0.1234205961227417
0.14877445995807648,0.1556035280227661,0.006829068064689636,0.005944655197974071,0.15713047981262207,0.6731356382369995
1.605482452760043e-06,0.010021448135375977,0.010019842652923217,0.010019826566267485,0.009776949882507324,0.9976635575294495
0.2745561897754669,0.29162442684173584,0.01706823706626892,0.013391514005573783,0.3004337549209595,0.6135430932044983
0.14857149124145508,0.1615217924118042,0.012950301170349121,0.011275137219670623,0.13483142852783203,0.5620583295822144
0.18528302013874054,0.16964876651763916,0.01563425362110138,0.01319031265568231,0.15713047981262207,0.6117258667945862
0.7940680980682373,0.8236981630325317,0.029630064964294434,0.016515574295200168,0.8103179931640625,0.4688875675201416
0.0004436271556187421,0.009908795356750488,0.009465168201131746,0.009460971057452137,0.009776949882507324,0.9986306428909302
1.632747769355774,0.9444139003753662,0.6883338689804077,0.2614507462478417,1.199199914932251,0.17595934867858887
0.550524115562439,0.8917742967605591,0.3412501811981201,0.2200869872148584,1.5201218128204346,0.15754640102386475
1.4268479347229004,0.8739076852798462,0.5529402494430542,0.22784297340252982,1.5201218128204346,0.19588345289230347
0.0001862671779235825,0.009866595268249512,0.00968032809032593,0.009678525298732072,0.009776949882507324,0.997220516204834
0.8981654047966003,0.9346439838409424,0.03647857904434204,0.01921780839128239,0.9568556547164917,0.6365053653717041
0.6427585482597351,0.6501249074935913,0.007366359233856201,0.004484139949635199,0.6747537851333618,0.6023932695388794
0.14722184836864471,0.10217487812042236,0.04504697024822235,0.03926613698325165,0.13483142852783203,0.5821070075035095
0.14831876754760742,0.14672601222991943,0.0015927553176879883,0.0013870323839516585,0.13483142852783203,0.6722372174263
0.2709183394908905,0.2740929126739502,0.0031745731830596924,0.002497857717854143,0.27537310123443604,0.6012773513793945
0.008808698505163193,0.5202994346618652,0.511490736156702,0.5070245101123939,0.0498504638671875,0.2702033519744873
0.9236548542976379,0.8866982460021973,0.036956608295440674,0.0192116627433845,0.8821612596511841,0.6237362623214722
0.8989746570587158,0.9301788806915283,0.0312042236328125,0.016432143271013475,0.9568556547164917,0.5211958885192871
1.1199508905410767,0.6331397294998169,0.48681116104125977,0.22963322556826332,0.13483142852783203,0.16470754146575928
0.8245384693145752,0.8349034786224365,0.010365009307861328,0.005680893816262013,0.8821612596511841,0.5211237668991089
0.7094006538391113,0.7171473503112793,0.007746696472167969,0.004531820234635927,0.7076621055603027,0.6412050724029541
0.8880059123039246,1.0916531085968018,0.2036471962928772,0.10786364331050612,0.009776949882507324,0.2794269323348999
0.7937846183776855,0.7580523490905762,0.035732269287109375,0.019920044425080392,0.7412172555923462,0.5344785451889038
1.187109112739563,1.1618058681488037,0.025303244590759277,0.011569264854401592,1.2864758968353271,0.31767570972442627
1.1862142086029053,1.2831029891967773,0.09688878059387207,0.04431806371608416,1.2864758968353271,0.41305047273635864
0.6997825503349304,0.9893772602081299,0.28959470987319946,0.17037162183841506,0.7412172555923462,0.339144229888916
0.43416541814804077,0.4787341356277466,0.04456871747970581,0.031076413442779886,0.4614841938018799,0.5379443168640137
0.8828707337379456,0.9263210296630859,0.04345029592514038,0.02307662185543732,0.9568556547164917,0.6451935768127441
0.8769581913948059,0.8828564882278442,0.00589829683303833,0.003142476406816065,0.8821612596511841,0.561942458152771
1.1154917478561401,1.1333584785461426,0.01786673069000244,0.008445663145747915,1.1152548789978027,0.6509122848510742
0.43550801277160645,0.5060657262802124,0.07055771350860596,0.0491517378383536,0.5194836854934692,0.5851025581359863
0.94144207239151,0.9204061031341553,0.021035969257354736,0.010835228903555273,0.9568556547164917,0.6519690752029419
0.8964006900787354,0.9923195838928223,0.09591889381408691,0.050579444690090535,0.9568556547164917,0.46868741512298584
1.1077303886413574,1.1430327892303467,0.03530240058898926,0.016749011533560124,1.199199914932251,0.44631654024124146
0.4350479543209076,0.4725358486175537,0.03748789429664612,0.026123095178645868,0.5194836854934692,0.5310091972351074
0.18022975325584412,0.17100393772125244,0.009225815534591675,0.007816965729885095,0.17986774444580078,0.6313660144805908
0.8237330317497253,0.7847437858581543,0.038989245891571045,0.021378812146733997,0.8103179931640625,0.5735657215118408
0.8274083137512207,0.9595987796783447,0.13219046592712402,0.07233767348675865,0.9568556547164917,0.3849148750305176
0.9873493909835815,1.016613483428955,0.029264092445373535,0.014725187517676553,1.0744919776916504,0.5857188105583191
0.14653292298316956,0.862326979637146,0.7157940566539764,0.6243118207120895,1.5201218128204346,0.1688593626022339
0.0002689255925361067,0.00984799861907959,0.009579073026543483,0.009576497661235514,0.009776949882507324,0.9977819919586182
2.350658416748047,1.1265594959259033,1.2240989208221436,0.36533085995981124,1.1152548789978027,0.26423215866088867
0.5251352190971375,0.5103464126586914,0.014788806438446045,0.009696718201288965,0.549341082572937,0.5719591379165649
0.9731574058532715,0.8664591312408447,0.10669827461242676,0.054074892502702386,0.8821612596511841,0.5403131246566772
0.6705023646354675,0.6223974227905273,0.048104941844940186,0.028796691859479955,0.6108274459838867,0.5661718845367432
0.36035671830177307,1.123236894607544,0.7628801763057709,0.5607942137839601,1.199199914932251,0.2704089283943176
5.945475277258083e-05,0.0100020170211792,0.009942562268406618,0.009941971170968577,0.009776949882507324,0.9971606135368347
0.00021216679306235164,0.010052084922790527,0.009839918129728176,0.009837830868702073,0.009776949882507324,0.9971746802330017
0.8093350529670715,0.8096150159835815,0.00027996301651000977,0.00015473254445101653,0.8103179931640625,0.5534805059432983
0.8100547790527344,0.8307399749755859,0.020685195922851562,0.01142793917744128,0.8103179931640625,0.5775181651115417
0.5913370251655579,0.720086932182312,0.12874990701675415,0.08090675009799347,0.7412172555923462,0.508025586605072
0.2193707376718521,0.22835707664489746,0.008986338973045349,0.007369652801577796,0.22669124603271484,0.6015574932098389
0.00016326851618941873,0.010535240173339844,0.010371971657150425,0.010370278517164457,0.009776949882507324,0.9812072515487671
0.9847107529640198,0.9117549657821655,0.07295578718185425,0.03675890155424418,0.9568556547164917,0.5517064332962036
0.8178503513336182,0.8123363256454468,0.005514025688171387,0.0030332671136137066,0.7412172555923462,0.279354453086853
0.8824583292007446,1.1656134128570557,0.28315508365631104,0.15041771669736415,1.4715566635131836,0.289276659488678
0.00025198693037964404,0.00982201099395752,0.009570024063577875,0.00956761315010912,0.009776949882507324,0.9989099502563477
0.9011287093162537,0.9967479705810547,0.09561926126480103,0.05029604823504599,0.9568556547164917,0.4862719178199768
0.000586113368626684,0.012638568878173828,0.012052455509547144,0.01204539554218947,0.009776949882507324,0.9873445630073547
0.938294529914856,0.9168452024459839,0.02144932746887207,0.011066082650408286,0.8821612596511841,0.3359718322753906
0.900757372379303,0.9749290943145752,0.07417172193527222,0.039022193475659966,0.9568556547164917,0.5640525817871094
1.9526336473063566e-05,0.010019540786743164,0.0100000144502701,0.009999819190435919,0.009776949882507324,0.9978495240211487
1.0522654056549072,1.1607515811920166,0.10848617553710938,0.05286166946934911,1.1152548789978027,0.4033855199813843
0.6397222280502319,0.618045449256897,0.02167677879333496,0.013219787121572707,0.6108274459838867,0.6108720898628235
0.1796906441450119,0.17702043056488037,0.0026702135801315308,0.0022634862736126762,0.15713047981262207,0.5847823023796082
0.30329611897468567,0.33334624767303467,0.030050128698349,0.02305702308235959,0.32598674297332764,0.5960788130760193
0.2912837862968445,0.3600163459777832,0.06873255968093872,0.05322808232421983,0.32598674297332764,0.5074136257171631
0.8096262216567993,0.8311805725097656,0.02155435085296631,0.01191094083132387,0.8103179931640625,0.5993760824203491
0.8088698983192444,0.898489236831665,0.08961933851242065,0.04954438049728875,0.8821612596511841,0.592877984046936
0.8084685802459717,0.758417010307312,0.05005156993865967,0.027676217593922536,0.7412172555923462,0.578079104423523
0.4887430667877197,0.4312475919723511,0.05749547481536865,0.038620146147466124,0.405698299407959,0.5525232553482056
0.8467288017272949,0.8722361326217651,0.025507330894470215,0.013812169318317084,0.8821612596511841,0.6598079204559326
0.7588080763816833,0.6679960489273071,0.09081202745437622,0.05163271005737005,0.7076621055603027,0.5449059009552002
1.0857120752334595,1.104383945465088,0.018671870231628418,0.008952276037208263,1.1152548789978027,0.6580297946929932
1.3572145700454712,1.348538875579834,0.008675694465637207,0.0036804856782595955,1.4715566635131836,0.4764972925186157
0.37057292461395264,0.42751002311706543,0.05693709850311279,0.04154255310358636,0.405698299407959,0.5468711853027344
1.103990912437439,1.1167728900909424,0.012781977653503418,0.0060751106755949375,1.199199914932251,0.2818676233291626
0.00017309248505625874,0.009958863258361816,0.009785770773305558,0.009784077223065036,0.009776949882507324,0.9961332678794861
0.7850831151008606,0.8167351484298706,0.03165203332901001,0.017731405927965214,0.8103179931640625,0.5663570761680603
1.194983720779419,1.0640017986297607,0.1309819221496582,0.05967330003848398,1.2864758968353271,0.23967790603637695
0.7484450936317444,0.7103716135025024,0.03807348012924194,0.021775622390382558,0.7076621055603027,0.6359018087387085
0.35734620690345764,0.3748220205307007,0.017475813627243042,0.012874986159287232,0.37860918045043945,0.597856879234314
0.0008683900232426822,0.010062932968139648,0.009194542944896966,0.009186565423135649,0.009776949882507324,0.9971907734870911
0.23251517117023468,0.24490928649902344,0.012394115328788757,0.010055953564466822,0.22669124603271484,0.6024658679962158
0.30315345525741577,0.3087031841278076,0.005549728870391846,0.004258691751153429,0.32598674297332764,0.6200262308120728
0.8858059048652649,1.285627841949463,0.399821937084198,0.21201648380285673,1.569641351699829,0.3898717761039734
0.43553802371025085,0.4568568468093872,0.021318823099136353,0.014850754732386905,0.405698299407959,0.48653286695480347
0.9034467339515686,0.45991039276123047,0.44353634119033813,0.23301746945634438,0.20305168628692627,0.21110832691192627
0.8989143371582031,0.8822611570358276,0.01665318012237549,0.008769842744616695,0.8821612596511841,0.6235185861587524
0.4351685643196106,0.41938114166259766,0.01578742265701294,0.011000396085527064,0.405698299407959,0.5451420545578003
1.2453956604003906,1.1892955303192139,0.05610013008117676,0.024984518795753436,1.199199914932251,0.48494285345077515
0.880034327507019,1.1474580764770508,0.26742374897003174,0.14224407770502973,1.569641351699829,0.36218100786209106
2.6533769414527342e-05,0.009845972061157227,0.0098194382917427,0.009819177751944389,0.009776949882507324,0.9991346597671509
1.1192221641540527,1.1466495990753174,0.02742743492126465,0.012942217850110625,1.199199914932251,0.63601154088974
1.1198869943618774,1.1020147800445557,0.017872214317321777,0.00843073916904784,1.1152548789978027,0.43936586380004883
0.14832445979118347,0.12379586696624756,0.024528592824935913,0.021360332975399916,0.13483142852783203,0.6398069858551025
0.8184413313865662,0.7180811166763306,0.1003602147102356,0.055190240662705725,0.7076621055603027,0.6282913088798523
0.2482849359512329,0.23797202110290527,0.010312914848327637,0.00826166730953047,0.22669124603271484,0.6134917736053467
9.010404028231278e-05,0.014229774475097656,0.014139670434815343,0.014138396508166845,0.009776949882507324,0.9458287954330444
1.2931538820266724,0.7448475360870361,0.5483063459396362,0.239105779266347,0.8821612596511841,0.1516856551170349
1.5773696899414062,1.1049590110778809,0.4724106788635254,0.18329178026232829,1.569641351699829,0.2771102786064148
0.00021642493084073067,0.01008296012878418,0.009866535197943449,0.009864400295791647,0.009776949882507324,0.997691810131073
7.17791190254502e-05,0.010537981986999512,0.010466202867974062,0.010465451667073196,0.009776949882507324,0.9949087500572205
1.0012259483337402,1.0027046203613281,0.0014786720275878906,0.0007388830975428146,0.995307207107544,0.6737335324287415
0.9718809723854065,0.9630074501037598,0.008873522281646729,0.004500029365825428,0.9568556547164917,0.6848645210266113
0.8104056715965271,0.8195233345031738,0.009117662906646729,0.005036254056034973,0.8103179931640625,0.5561281442642212
0.9978470206260681,0.639620304107666,0.3582267165184021,0.1793063797277852,0.4614841938018799,0.3152724504470825
3.191456926288083e-05,0.009876012802124023,0.009844098232861143,0.009843784072732545,0.009776949882507324,0.9987101554870605
0.2062535434961319,0.22294628620147705,0.016692742705345154,0.013838502523245588,0.22669124603271484,0.632670521736145
0.5225585699081421,0.5202512741088867,0.002307295799255371,0.001515406924145173,0.549341082572937,0.6118507385253906
0.00022923463257029653,1.4125585556030273,1.412329320970457,1.4120056403762982,0.009776949882507324,0.3839576244354248
0.1500971019268036,0.33431243896484375,0.18421533703804016,0.16017372509626956,0.32598674297332764,0.4687996506690979
0.7854729890823364,0.742143988609314,0.04332900047302246,0.02426751944048836,0.7412172555923462,0.48396551609039307
0.27428770065307617,0.2774466276168823,0.0031589269638061523,0.002478974694793957,0.27537310123443604,0.5928734540939331
0.890992283821106,0.9597508907318115,0.06875860691070557,0.03636112505534177,0.8821612596511841,0.258182168006897
0.14641472697257996,0.1764439344406128,0.030029207468032837,0.02619401754139458,0.15713047981262207,0.5174150466918945
0.5816497802734375,1.0391523838043213,0.4575026035308838,0.2892565783126718,1.569641351699829,0.16109782457351685
0.8482780456542969,0.8271808624267578,0.021097183227539062,0.01141450729079595,0.8103179931640625,0.5594033002853394
0.0001608462625881657,0.010202646255493164,0.010041799992904998,0.010040185066661333,0.009776949882507324,0.992542028427124
0.4338815212249756,0.4114302396774292,0.022451281547546387,0.015657696410206954,0.405698299407959,0.5727317333221436
0.15051928162574768,0.1595301628112793,0.009010881185531616,0.00783201231777597,0.15713047981262207,0.6473387479782104
0.14907409250736237,0.1568821668624878,0.007808074355125427,0.006795100860804934,0.15713047981262207,0.6724854707717896
1.1962502002716064,1.080610752105713,0.11563944816589355,0.052653130390878336,1.199199914932251,0.4574875831604004
0.10342088341712952,0.9945849180221558,0.8911640346050262,0.8076374554786606,1.569641351699829,0.15700721740722656
0.00012001502182101831,0.009879708290100098,0.00975969326827908,0.009758522099036422,0.009776949882507324,0.998707115650177
0.434961199760437,0.5578687191009521,0.12290751934051514,0.08565215516700676,0.549341082572937,0.6674883365631104
0.23907457292079926,0.23495149612426758,0.004123076796531677,0.00332754532022442,0.22669124603271484,0.597022533416748
1.011658787727356,0.9567030668258667,0.05495572090148926,0.02731860951606745,0.8821612596511841,0.1984071135520935
1.5488791465759277,1.0883045196533203,0.4605746269226074,0.18069692615333557,0.9568556547164917,0.27979177236557007
0.5253198146820068,0.5595415830612183,0.034221768379211426,0.022435798741882767,0.549341082572937,0.4997375011444092
0.8096311688423157,0.766472339630127,0.04315882921218872,0.02384951693764146,0.7412172555923462,0.5848128795623779
0.15054506063461304,0.15894925594329834,0.008404195308685303,0.007304533821604301,0.13483142852783203,0.6464279890060425
0.29026350378990173,0.2797420024871826,0.010521501302719116,0.00815453686151257,0.3004337549209595,0.6139562129974365
0.4476720690727234,0.672767162322998,0.22509509325027466,0.1554876260025205,0.8103179931640625,0.22098159790039062
0.2192012369632721,0.8556361198425293,0.6364348828792572,0.5220097089668796,1.5201218128204346,0.1685030460357666
1.5045802593231201,1.3246266841888428,0.17995357513427734,0.0718497937785835,1.4715566635131836,0.3246144652366638
0.4498152434825897,0.49105513095855713,0.04123988747596741,0.028444926111347402,0.5194836854934692,0.49932754039764404
0.00011804112727986649,0.009894251823425293,0.009776210696145426,0.009775056837417114,0.009776949882507324,0.9977607131004333
0.9199914932250977,0.9431688785552979,0.023177385330200195,0.012071608344091192,0.9568556547164917,0.638925313949585
0.4517826735973358,0.4447603225708008,0.007022351026535034,0.0048370538884683935,0.405698299407959,0.5365319848060608
1.1627339124679565,1.165006399154663,0.002272486686706543,0.0010507472387638035,1.199199914932251,0.36059731245040894
0.8115895986557007,0.7120901346206665,0.09949946403503418,0.054923843738597454,1.5201218128204346,0.12453293800354004
0.9015564322471619,0.8988083600997925,0.0027480721473693848,0.0014451699149006343,0.8821612596511841,0.630803108215332
0.2943018674850464,0.3610069751739502,0.06670510768890381,0.051537519464851175,0.37860918045043945,0.5735790729522705
0.45062944293022156,0.46417856216430664,0.013549119234085083,0.009340165608879639,0.5194836854934692,0.5362622737884521
0.5268180966377258,0.5279849767684937,0.0011668801307678223,0.0007642561568646986,0.549341082572937,0.563789963722229
6.809383921790868e-05,0.009994029998779297,0.009925936159561388,0.009925260310481611,0.009776949882507324,0.9981644749641418
0.0007191174663603306,0.00997161865234375,0.00925250118598342,0.009245852332080032,0.009776949882507324,0.9980795979499817
0.9008336663246155,0.9077727794647217,0.006939113140106201,0.0036505630466464874,0.8821612596511841,0.6569640636444092
1.1306893825531006,1.0921950340270996,0.03849434852600098,0.01806661676789091,1.199199914932251,0.5161140561103821
1.4197126626968384,1.2312495708465576,0.18846309185028076,0.07788655849750081,1.4715566635131836,0.3813008666038513
0.30444350838661194,0.3269071578979492,0.02246364951133728,0.01722086803062957,0.32598674297332764,0.6026700735092163
1.6794143915176392,0.9472274780273438,0.7321869134902954,0.27326378323868733,1.5201218128204346,0.17337125539779663
0.3212674558162689,0.35158824920654297,0.030320793390274048,0.022948263242843662,0.3520420789718628,0.6011550426483154
0.2947743237018585,0.32256150245666504,0.02778717875480652,0.02146102084829799,0.32598674297332764,0.5799129009246826
0.14972466230392456,0.1358642578125,0.01386040449142456,0.012055412000687018,0.13483142852783203,0.6524803638458252
0.5692338347434998,0.9555553197860718,0.386321485042572,0.24618477915097878,0.995307207107544,0.20340460538864136
0.23185573518276215,0.22178113460540771,0.010074600577354431,0.008178393207594012,0.22669124603271484,0.6367846727371216
8.346038521267474e-05,0.009911298751831055,0.00982783836661838,0.009827018199893924,0.009776949882507324,0.9986612796783447
1.13892662525177,1.0837335586547852,0.05519306659698486,0.025804095355766665,1.0744919776916504,0.4717903137207031
1.132717490196228,1.0236799716949463,0.10903751850128174,0.05112609569833338,0.9568556547164917,0.19841760396957397
0.14733463525772095,0.15162909030914307,0.004294455051422119,0.003742983885828108,0.13483142852783203,0.6529849171638489
0.14991074800491333,0.15002763271331787,0.00011688470840454102,0.00010164676572276163,0.13483142852783203,0.6638426780700684
0.9395310282707214,0.9259203672409058,0.013610661029815674,0.007017501051246851,1.4715566635131836,0.16485750675201416
0.7479071617126465,0.705225944519043,0.042681217193603516,0.024418469200494213,0.7076621055603027,0.6198321580886841
0.23286817967891693,0.24864184856414795,0.015773668885231018,0.012794286644123663,0.22669124603271484,0.5491784811019897
0.14201752841472626,0.1394578218460083,0.0025597065687179565,0.002241389913052537,0.13483142852783203,0.6777029037475586
0.005955790635198355,0.22877752780914307,0.2228217371739447,0.221502514571984,0.009776949882507324,0.5855575203895569
0.005933135747909546,0.9467949867248535,0.940861850976944,0.9353125148595635,1.5201218128204346,0.25981831550598145
0.29483023285865784,0.32512426376342773,0.030294030904769897,0.023396141158897977,0.32598674297332764,0.5820310115814209
0.14954538643360138,0.1914663314819336,0.041920945048332214,0.036467411850861796,0.13483142852783203,0.38834357261657715
0.1475353240966797,0.16304552555084229,0.015510201454162598,0.013516099355261211,0.15713047981262207,0.5943620204925537
0.00026795329176820815,0.010053277015686035,0.009785323723917827,0.00978270241660291,0.009776949882507324,0.9962897896766663
0.00027607622905634344,0.01100003719329834,0.010723960964241996,0.01072100115067261,0.009776949882507324,0.990153431892395
0.7600568532943726,0.7261635065078735,0.03389334678649902,0.01925696134364036,0.7412172555923462,0.6289247274398804
1.0581417083740234,0.9711273908615112,0.08701431751251221,0.04227809832455871,0.9568556547164917,0.47906482219696045
0.2900082767009735,0.3536949157714844,0.06368663907051086,0.04936917089662484,0.3520420789718628,0.5960217118263245
1.3809083700180054,1.023477554321289,0.3574308156967163,0.15012371756835535,0.9568556547164917,0.2915879487991333
0.2907050848007202,0.2777557373046875,0.012949347496032715,0.010032770187801687,0.27537310123443604,0.5574692487716675
0.9268149733543396,1.0374493598937988,0.11063438653945923,0.057418272158669625,0.9568556547164917,0.2281782031059265
1.5082074403762817,1.0334324836730957,0.47477495670318604,0.18928855287661542,1.5201218128204346,0.23982518911361694
1.0143940448760986,0.9856208562850952,0.028773188591003418,0.014283793513087555,0.9568556547164917,0.6142882108688354
8.490524692206236e-07,0.013295531272888184,0.013294682220418963,0.01329467093254578,0.009776949882507324,0.9737187027931213
1.197450876235962,1.2617452144622803,0.06429433822631836,0.029258600918737644,1.7776434421539307,0.23264676332473755
0.8613898158073425,0.9559876918792725,0.09459787607192993,0.05082109898130065,0.8821612596511841,0.37676990032196045
0.5263527035713196,0.5276175737380981,0.0012648701667785645,0.0008286879984023711,0.549341082572937,0.6371161937713623
0.849399983882904,0.7622228860855103,0.0871770977973938,0.04713804399109018,0.7076621055603027,0.41117507219314575
0.20366065204143524,0.15081942081451416,0.05284123122692108,0.043900439162234954,0.13483142852783203,0.6552641987800598
0.545116662979126,0.774700403213501,0.229583740234375,0.1485866703370583,1.5201218128204346,0.15402352809906006
0.00040136309689842165,0.009905695915222168,0.009504332818323746,0.009500519660330732,0.009776949882507324,0.9985560178756714
1.0112735033035278,0.9883813858032227,0.022892117500305176,0.011381901796401507,0.995307207107544,0.6636795997619629
0.8487621545791626,1.0993812084197998,0.2506190538406372,0.13556046310223507,1.4715566635131836,0.32723796367645264
2.6678982976591215e-05,0.009862422943115234,0.009835743960138643,0.00983548155949355,0.009776949882507324,0.9986822009086609
0.29545238614082336,0.2469785213470459,0.048473864793777466,0.037418484316650194,0.22669124603271484,0.45540857315063477
0.14979195594787598,0.15336930751800537,0.0035773515701293945,0.0031113033550319675,0.13483142852783203,0.6270050406455994
8.235752466134727e-05,0.00982975959777832,0.009747402073116973,0.009746599367319215,0.009776949882507324,0.9989314675331116
0.20337480306625366,0.19906926155090332,0.004305541515350342,0.0035778890370478313,0.20305168628692627,0.6036885976791382
1.6420970496255904e-05,0.009824752807617188,0.009808331837120932,0.009808170777437973,0.009776949882507324,0.9990137219429016
0.28986191749572754,0.3348395824432373,0.044977664947509766,0.0348701394602254,0.32598674297332764,0.5905084609985352
1.5496106147766113,1.0356979370117188,0.5139126777648926,0.20156516245517747,1.569641351699829,0.14576566219329834
1.0006271600723267,0.6918357610702515,0.3087913990020752,0.154347299269351,1.5201218128204346,0.17917001247406006
1.0119835138320923,0.8666294813156128,0.1453540325164795,0.072244146891459,0.995307207107544,0.5247745513916016
0.23243090510368347,0.23693716526031494,0.00450626015663147,0.0036563998338327627,0.22669124603271484,0.5774937868118286
1.4544999599456787,1.3573753833770752,0.09712457656860352,0.039570005358954254,1.4715566635131836,0.4565906524658203
0.23911355435848236,0.7885568141937256,0.5494432598352432,0.44341639061458143,1.4715566635131836,0.11354929208755493
1.5068804025650024,0.7319111824035645,0.774969220161438,0.3091368935544357,0.5194836854934692,0.142409086227417
0.8113662004470825,0.7171156406402588,0.09425055980682373,0.052032857731120714,0.8103179931640625,0.33770519495010376
1.0120608806610107,0.9791158437728882,0.03294503688812256,0.01637377735672656,0.995307207107544,0.7004269957542419
0.14175081253051758,0.2507331371307373,0.10898232460021973,0.09545193522453199,0.32598674297332764,0.46723973751068115
1.3711047172546387,0.8776143789291382,0.4934903383255005,0.2081267582719348,1.5201218128204346,0.16057193279266357
0.14691497385501862,0.15493404865264893,0.00801907479763031,0.006991865116798101,0.15713047981262207,0.6677835583686829
0.0002373941824771464,0.11047923564910889,0.11024184146663174,0.11021567690611644,0.13483142852783203,0.5835738182067871
0.2707349359989166,0.24543917179107666,0.025295764207839966,0.01990640494034669,0.22669124603271484,0.5453857183456421
1.4522088766098022,1.0483205318450928,0.4038883447647095,0.1647038915066192,1.4715566635131836,0.20057529211044312
0.14656594395637512,0.15070486068725586,0.004138916730880737,0.0036098374914214407,0.13483142852783203,0.6755068302154541
0.7601291537284851,1.0141570568084717,0.2540279030799866,0.14432344498236324,1.4715566635131836,0.30664682388305664
0.938662588596344,0.9097611904144287,0.028901398181915283,0.014907905249691156,0.8821612596511841,0.6615479588508606
1.1371083928679582e-05,0.009887337684631348,0.009875966600702668,0.009875854301534539,0.009776949882507324,0.9981440901756287
0.2920158803462982,0.3882613182067871,0.09624543786048889,0.07449245734866067,0.37860918045043945,0.5933553576469421
1.202561616897583,0.5792808532714844,0.6232807636260986,0.2829799442814319,0.32598674297332764,0.18554896116256714
2.2464373111724854,1.8870749473571777,0.3593623638153076,0.11069437952138372,1.9446210861206055,0.32031285762786865
0.9273807406425476,0.9113550186157227,0.01602572202682495,0.008314767128721187,0.8821612596511841,0.499470055103302
1.5475205183029175,0.8373081684112549,0.7102123498916626,0.2787857231331683,0.7412172555923462,0.25315892696380615
0.5271260142326355,0.6214921474456787,0.09436613321304321,0.06179328512091465,0.5797851085662842,0.48606669902801514
1.1118342876434326,1.185591220855713,0.07375693321228027,0.03492553068384198,1.37721586227417,0.27118873596191406
1.0696579920477234e-05,0.011936783790588379,0.011926087210667902,0.011925959643687445,0.009776949882507324,0.9907628297805786
0.8962275981903076,0.8584917783737183,0.037735819816589355,0.019900469676004656,0.8821612596511841,0.5109494924545288
1.551893183204811e-05,0.011144399642944336,0.011128880711112288,0.011128708005451373,0.009776949882507324,0.983369767665863
1.00175940990448,0.9562011957168579,0.04555821418762207,0.02275908581331261,0.9568556547164917,0.5183397531509399
1.1143288612365723,1.0209987163543701,0.09333014488220215,0.044141735277461853,0.9568556547164917,0.30980944633483887
1.1895874738693237,1.155376672744751,0.034210801124572754,0.01562431349870541,1.199199914932251,0.622002124786377
1.5495103597640991,1.1588034629821777,0.3907068967819214,0.15324781689377903,1.4715566635131836,0.232732892036438
0.00019230449106544256,0.010038018226623535,0.009845713735558093,0.009843820724623505,0.009776949882507324,0.9979659914970398
0.8974683284759521,1.1260535717010498,0.22858524322509766,0.12046854210668037,1.2864758968353271,0.25458407402038574
0.1485438346862793,0.20141589641571045,0.05287206172943115,0.04603399551038726,0.22669124603271484,0.5453783273696899
1.4605481624603271,0.8501671552658081,0.610381007194519,0.24806708379330925,1.5201218128204346,0.150398850440979
0.8190195560455322,0.7346394062042236,0.0843801498413086,0.04638770900558502,0.7412172555923462,0.5104022026062012
1.5503758192062378,1.017101526260376,0.5332742929458618,0.2090963570662439,1.5201218128204346,0.18286067247390747
0.39321139454841614,0.36804676055908203,0.025164633989334106,0.018062322837583997,0.37860918045043945,0.5786259174346924
1.2034237384796143,1.0900607109069824,0.11336302757263184,0.05144858230984364,1.4715566635131836,0.2843592166900635
0.43493691086769104,0.3802828788757324,0.05465403199195862,0.038088107970482066,0.37860918045043945,0.5937162041664124
0.6679437756538391,1.0527689456939697,0.3848251700401306,0.2307183105673199,1.0744919776916504,0.19507968425750732
2.8442018032073975,2.4541730880737305,0.390028715133667,0.10145895951878692,2.5082311630249023,0.371934711933136
0.14052852988243103,0.09936177730560303,0.041166752576828,0.036094452263348106,0.11296224594116211,0.6004857420921326
3.453989847912453e-05,0.009995579719543457,0.009961039821064333,0.009960695779643322,0.009776949882507324,0.994172215461731
0.5919832587242126,0.716504693031311,0.12452143430709839,0.07821780387746519,0.7412172555923462,0.3870283365249634
0.3064398169517517,0.3006390333175659,0.005800783634185791,0.0044401460816775006,0.3004337549209595,0.5335260033607483
2.0158700942993164,1.7688088417053223,0.24706125259399414,0.08192038942957004,2.0614800453186035,0.2857402563095093
1.224290132522583,1.2377345561981201,0.01344442367553711,0.006044366010961751,1.199199914932251,0.5573152303695679
1.2576042413711548,1.45741605758667,0.19981181621551514,0.08850613077080309,1.199199914932251,0.21777695417404175
0.9395280480384827,1.0625042915344238,0.12297624349594116,0.06340524109476614,0.9568556547164917,0.24798166751861572
0.00013859740283805877,0.00986027717590332,0.009721679773065262,0.009720332560217693,0.009776949882507324,0.9988611340522766
1.1893566846847534,1.179936408996582,0.009420275688171387,0.004302759689213371,1.199199914932251,0.5786527991294861
1.210004448890686,1.1902706623077393,0.019733786582946777,0.008929297220578978,1.199199914932251,0.650235652923584
0.00022687602904625237,0.010108709335327148,0.009881833306280896,0.00987959186371026,0.009776949882507324,0.9975681304931641
1.8207995891571045,1.5395574569702148,0.28124213218688965,0.09970298254011334,1.7776434421539307,0.23301297426223755
0.10299007594585419,0.12287771701812744,0.019887641072273254,0.01803066184001599,0.11296224594116211,0.6353507041931152
5.878272349946201e-05,0.04255819320678711,0.04249941048328765,0.04249691239903652,0.009776949882507324,0.8382209539413452
0.00017236307030543685,0.00983119010925293,0.009658827038947493,0.009657162500768422,0.009776949882507324,0.9990948438644409
0.8107776045799255,0.9899909496307373,0.17921334505081177,0.09897037858074609,1.4715566635131836,0.20290154218673706
1.2077972888946533,1.214986801147461,0.007189512252807617,0.0032564186435825766,1.199199914932251,0.5908204317092896
0.005894768517464399,0.19240140914916992,0.18650664063170552,0.1854136699672749,0.009776949882507324,0.4914712905883789
0.4940740466117859,0.513298511505127,0.019224464893341064,0.01286714332327618,0.549341082572937,0.5872631072998047
1.0560861825942993,1.0021369457244873,0.05394923686981201,0.02623880133358063,0.9568556547164917,0.21085679531097412
0.30511605739593506,0.31578266620635986,0.010666608810424805,0.008172919756812754,0.32598674297332764,0.613642692565918
1.2611713409423828,1.263897180557251,0.002725839614868164,0.0012054989224001586,1.2864758968353271,0.48145925998687744
0.5311404466629028,0.530035138130188,0.0011053085327148438,0.0007218857911590323,0.549341082572937,0.5728139281272888
0.00013351300731301308,0.0101243257522583,0.009990812744945288,0.009989479019559896,0.009776949882507324,0.9972192645072937
0.20321333408355713,0.20604872703552246,0.002835392951965332,0.002356517229029003,0.22669124603271484,0.5787467956542969
6.544365896843374e-05,0.29942214488983154,0.2993567012308631,0.2993371115150205,0.37860918045043945,0.5317132472991943
8.641719614388421e-05,0.009839892387390137,0.009753475191246253,0.00975263239609956,0.009776949882507324,0.9992078542709351
1.1852335929870605,1.214773416519165,0.029539823532104492,0.0135179248694075,1.199199914932251,0.5474768877029419
0.5929690003395081,0.5893806219100952,0.003588378429412842,0.0022526354427788954,0.5797851085662842,0.61702561378479
0.00010278312402078882,0.009831786155700684,0.009729003031679895,0.009728003157124921,0.009776949882507324,0.9990065693855286
1.5795068740844727,0.8515051603317261,0.7280017137527466,0.28222514972406554,1.5201218128204346,0.1602681279182434
6.586669042007998e-05,0.010238051414489746,0.010172184724069666,0.010171514760055862,0.009776949882507324,0.9874319434165955
0.00015258551866281778,0.33874738216400146,0.33859479664533865,0.33854313986475265,0.009776949882507324,0.4720161557197571
0.8116780519485474,0.78822922706604,0.023448824882507324,0.012943152265540214,0.8103179931640625,0.5555440187454224
0.20355644822120667,0.2259429693222046,0.022386521100997925,0.018600308389427042,0.22669124603271484,0.6048460006713867
2.2881875038146973,2.1907527446746826,0.09743475914001465,0.029631752759530436,2.2455203533172607,0.4405074119567871
0.21708492934703827,0.9560401439666748,0.7389552146196365,0.6071517252424474,1.199199914932251,0.23456549644470215
0.4850528836250305,0.7255936861038208,0.24054080247879028,0.16197457015242953,0.7412172555923462,0.22119641304016113
0.3194727301597595,0.289709210395813,0.029763519763946533,0.022557131408348863,0.3004337549209595,0.5795121788978577
0.7613548040390015,0.6063647270202637,0.1549900770187378,0.08799480755571032,0.6108274459838867,0.6025142669677734
0.833762526512146,0.7078698873519897,0.12589263916015625,0.06865264031739521,0.9568556547164917,0.15002131462097168
1.5681031942367554,1.1255879402160645,0.4425152540206909,0.17231209984620854,1.4715566635131836,0.2450675368309021
1.1180052757263184,1.146350622177124,0.028345346450805664,0.013383038642850084,1.199199914932251,0.6437597274780273
0.7062163352966309,0.7088593244552612,0.002642989158630371,0.001549035197914032,0.7076621055603027,0.4711662530899048
0.9904606938362122,1.0002427101135254,0.009782016277313232,0.004914448352386384,0.995307207107544,0.632452130317688
2.407737970352173,2.2334749698638916,0.17426300048828125,0.05113744131866806,2.2455203533172607,0.4423515200614929
0.8179327845573425,0.804168701171875,0.01376408338546753,0.007571282889218049,0.8103179931640625,0.56634521484375
0.0004471361462492496,0.010025978088378906,0.009578841942129657,0.009574560809907085,0.009776949882507324,0.9981301426887512
1.5854196548461914,1.0256550312042236,0.5597646236419678,0.21650822627294855,0.9568556547164917,0.23550641536712646
4.933162927045487e-05,0.00987231731414795,0.009822985684877494,0.009822501124893492,0.009776949882507324,0.9988328814506531
0.000422150653321296,0.011221647262573242,0.010799496609251946,0.010794939518481655,0.009776949882507324,0.9927758574485779
0.23290619254112244,0.240073561668396,0.00716736912727356,0.005813393728277911,0.22669124603271484,0.621942400932312
1.3275609016418457,0.9722015857696533,0.3553593158721924,0.15267455112410777,0.9568556547164917,0.22151845693588257
0.5339382290840149,0.5335334539413452,0.00040477514266967773,0.0002638796888916365,0.549341082572937,0.6525735855102539
5.53498903173022e-05,0.011720538139343262,0.01166518824902596,0.011664542617871459,0.009776949882507324,0.971116304397583
1.3197979927062988,1.298649549484253,0.0211484432220459,0.00911650207843051,1.2864758968353271,0.4331653118133545
0.7618838548660278,0.6757078170776367,0.08617603778839111,0.048911304539392506,0.7076621055603027,0.5955273509025574
0.5298632979393005,0.5755529403686523,0.04568964242935181,0.029865179778412205,0.549341082572937,0.6618726253509521
0.271318644285202,0.3658698797225952,0.09455123543739319,0.07437257045070282,0.37860918045043945,0.5852934122085571
1.1039055585861206,1.1239771842956543,0.02007162570953369,0.009540174285685307,1.1152548789978027,0.6005008220672607
0.5352837443351746,0.5267167091369629,0.00856703519821167,0.005580098942506202,0.549341082572937,0.5025884509086609
0.9930074214935303,0.9350591897964478,0.05794823169708252,0.029075773161776272,0.9568556547164917,0.6198370456695557
0.2964446544647217,0.3157212734222412,0.01927661895751953,0.014868832920197812,0.32598674297332764,0.5726965665817261
1.1091468334197998,1.1284961700439453,0.019349336624145508,0.009174011177198235,1.199199914932251,0.6013295650482178
0.28974464535713196,0.32399559020996094,0.03425094485282898,0.02655637685810655,0.32598674297332764,0.5908514261245728
0.3206131160259247,0.33178985118865967,0.011176735162734985,0.008463292562449135,0.32598674297332764,0.5881296396255493
1.021349310874939,0.8712984323501587,0.15005087852478027,0.07423302727415822,1.6201341152191162,0.11619114875793457
1.3713771104812622,0.5020254850387573,0.8693516254425049,0.36660201433169487,0.13483142852783203,0.18735021352767944
0.00012346221774350852,0.010196328163146973,0.010072865945403464,0.01007162248055574,0.009776949882507324,0.9958120584487915
0.1955532282590866,0.1983320713043213,0.00277884304523468,0.002324315621882526,0.20305168628692627,0.6319959759712219
0.5280880331993103,0.5585348606109619,0.03044682741165161,0.019924786236239306,0.549341082572937,0.6981950998306274
1.432366132736206,0.9572029113769531,0.47516322135925293,0.19535020446314738,1.0744919776916504,0.2094649076461792
0.32103773951530457,0.3227272033691406,0.0016894638538360596,0.001278891437617772,0.32598674297332764,0.6084541082382202
0.5157305598258972,0.9026801586151123,0.3869495987892151,0.2552891714696718,0.995307207107544,0.24542349576950073
1.1062427759170532,1.116579294204712,0.010336518287658691,0.0049075626066696874,1.1152548789978027,0.512645959854126
0.5297382473945618,0.5129848718643188,0.01675337553024292,0.010951792281311615,0.549341082572937,0.4915301203727722
1.281601905822754,1.079101324081421,0.202500581741333,0.08875368714609772,1.37721586227417,0.21722716093063354
0.00011892679322045296,0.010160207748413086,0.010041280955192633,0.0100400869198516,0.009776949882507324,0.9898871779441833
0.14855743944644928,0.15528428554534912,0.006726846098899841,0.005856778135660211,0.15713047981262207,0.6641379594802856
0.857744574546814,1.0308682918548584,0.17312371730804443,0.09319026936212528,0.995307207107544,0.23166024684906006
1.126878023147583,0.7224137783050537,0.4044642448425293,0.1901680493383253,1.5201218128204346,0.20023274421691895
1.1751117706298828,0.8403725624084473,0.33473920822143555,0.15389517575204864,0.7412172555923462,0.270041286945343
0.18033123016357422,0.1959218978881836,0.015590667724609375,0.01320872254006934,0.17986774444580078,0.6003992557525635
0.14869534969329834,0.23477542400360107,0.08608007431030273,0.07493725323540842,0.15713047981262207,0.41372668743133545
0.00018687972624320537,0.0099412202835083,0.009754340557265095,0.009752518009369323,0.009776949882507324,0.9949382543563843
0.8015589714050293,1.0230052471160889,0.22144627571105957,0.12291924895378496,0.8821612596511841,0.24892300367355347
0.9381163120269775,0.9463022947311401,0.008185982704162598,0.004223679793294394,0.9568556547164917,0.6141589879989624
0.7801588177680969,1.088536024093628,0.308377206325531,0.17323016533556482,1.569641351699829,0.2631390690803528
0.5287476778030396,0.5359199047088623,0.007172226905822754,0.004691570106670545,0.549341082572937,0.6629582643508911
0.15006840229034424,0.151100754737854,0.0010323524475097656,0.0008976443883284255,0.13483142852783203,0.6195263862609863
1.133815884590149,0.9310694932937622,0.20274639129638672,0.09501587871782531,1.199199914932251,0.42601269483566284
0.00032156702945940197,0.2641488313674927,0.2638272643380333,0.26374245346073155,0.0498504638671875,0.4082300066947937
1.1325000524520874,1.2191624641418457,0.0866624116897583,0.04063887904251548,1.4715566635131836,0.32519400119781494
0.14918074011802673,0.1406862735748291,0.008494466543197632,0.0073917585342800005,0.13483142852783203,0.647918701171875
0.17955024540424347,0.1780492067337036,0.001501038670539856,0.0012725517004368349,0.17986774444580078,0.552712082862854
9.171361307380721e-05,0.010764360427856445,0.010672646814782638,0.010671668077545722,0.009776949882507324,0.9942613244056702
0.964055597782135,0.8723028898239136,0.09175270795822144,0.04671594228892048,1.5201218128204346,0.14449143409729004
1.0652846097946167,1.8359096050262451,0.7706249952316284,0.3731325898507827,2.2455203533172607,0.3170880675315857
0.9283098578453064,0.8675813674926758,0.060728490352630615,0.03149311823800384,0.8103179931640625,0.408039391040802
0.6402740478515625,0.6243712902069092,0.01590275764465332,0.009695183353954064,0.6108274459838867,0.5953032970428467
0.5339391231536865,0.594343900680542,0.06040477752685547,0.039378862312779976,0.5797851085662842,0.5324163436889648
0.5363553166389465,0.5466030836105347,0.010247766971588135,0.006670180303087028,0.549341082572937,0.6874960064888
1.2026939392089844,1.209871530532837,0.007177591323852539,0.0032585513566311007,1.199199914932251,0.5530203580856323
0.1797984540462494,0.1823943853378296,0.0025959312915802,0.002200317590413148,0.17986774444580078,0.6156002283096313
0.563072144985199,0.5768752098083496,0.013803064823150635,0.008830727914533553,0.549341082572937,0.6558882594108582
0.296448677778244,0.3343164920806885,0.03786781430244446,0.02920888034483514,0.32598674297332764,0.6011433601379395
0.7744547128677368,0.9078677892684937,0.13341307640075684,0.07518539381889601,0.8821612596511841,0.3139302134513855
1.416182279586792,1.1344752311706543,0.2817070484161377,0.11659180302585216,1.4715566635131836,0.26381444931030273
0.7597846388816833,0.7804217338562012,0.020637094974517822,0.011727057117416586,0.8103179931640625,0.3470956087112427
0.5916793942451477,0.5944678783416748,0.0027884840965270996,0.0017519131720930114,0.5797851085662842,0.6256042718887329
0.5283202528953552,0.5413022041320801,0.012981951236724854,0.008494261076584539,0.549341082572937,0.5788241624832153
1.1705397367477417,0.5249232053756714,0.6456165313720703,0.29744515635518326,0.0498504638671875,0.1694943904876709
1.067009687423706,1.065248727798462,0.0017609596252441406,0.0008519358355978378,1.0744919776916504,0.6236088275909424
0.7888786792755127,0.6243796348571777,0.16449904441833496,0.091956512380681,0.13483142852783203,0.15899252891540527
0.2919197976589203,0.302173376083374,0.010253578424453735,0.00793669889031361,0.3004337549209595,0.6190280914306641
1.5771708488464355,0.9176257848739624,0.6595450639724731,0.2559182540294879,0.7412172555923462,0.25318068265914917
0.9412173628807068,0.9017332792282104,0.03948408365249634,0.02033985704408865,0.8821612596511841,0.5184797048568726
0.5917890071868896,0.6033066511154175,0.011517643928527832,0.007235659925106872,0.6108274459838867,0.6129546761512756
1.0085606575012207,0.933210015296936,0.07535064220428467,0.03751474565773171,1.0345144271850586,0.5755459070205688
1.203108787536621,0.9217184782028198,0.28139030933380127,0.1277242008772678,1.2864758968353271,0.3733519911766052
1.2271698713302612,1.1545021533966064,0.07266771793365479,0.032627829097854694,1.199199914932251,0.5152636170387268
0.15021634101867676,0.16191363334655762,0.01169729232788086,0.010169645405594984,0.15713047981262207,0.6353462934494019
1.5797772407531738,1.099287748336792,0.48048949241638184,0.18625231854363575,1.569641351699829,0.2515717148780823
0.25550830364227295,0.2706642150878906,0.015155911445617676,0.012071534215783244,0.2507953643798828,0.5832928419113159
0.0007971168961375952,0.011638641357421875,0.01084152446128428,0.0108328893821238,0.009776949882507324,0.99161297082901
0.15131792426109314,0.15158939361572266,0.0002714693546295166,0.00023579008795832264,0.15713047981262207,0.6737695932388306
0.8526407480239868,0.898108959197998,0.04546821117401123,0.024542378884037444,0.8821612596511841,0.578026533126831
1.18345046043396,1.173520803451538,0.009929656982421875,0.004547690530358248,1.199199914932251,0.5623637437820435
0.5920063853263855,0.5494344234466553,0.042571961879730225,0.02674107482992433,0.549341082572937,0.6575116515159607
1.2920500040054321,0.8232516050338745,0.4687983989715576,0.204532361053344,0.8103179931640625,0.40904664993286133
1.4196854829788208,1.1085972785949707,0.3110882043838501,0.1285655539003674,1.569641351699829,0.2349792718887329
6.196221511345357e-05,0.011614680290222168,0.011552718075108714,0.011552002287457988,0.009776949882507324,0.9918168783187866
0.8834811449050903,0.8918716907501221,0.008390545845031738,0.004454807454658402,0.8821612596511841,0.5603013634681702
0.9966691732406616,1.2614808082580566,0.264811635017395,0.13262669578235475,1.4715566635131836,0.39285868406295776
0.19554312527179718,0.20808327198028564,0.012540146708488464,0.010489079350974949,0.15713047981262207,0.43727684020996094
1.0646004676818848,0.6886007785797119,0.37599968910217285,0.18211740963342027,1.5201218128204346,0.16204625368118286
0.38773471117019653,0.43528270721435547,0.047547996044158936,0.034263030002373046,0.405698299407959,0.5348315834999084
1.2596687078475952,1.1826939582824707,0.07697474956512451,0.03406461721481525,1.199199914932251,0.384182870388031
1.050033450126648,1.051455020904541,0.0014215707778930664,0.0006934378450289404,1.0744919776916504,0.6465356349945068
0.0001702374138403684,0.01080775260925293,0.010637515195412561,0.010635704600566991,0.009776949882507324,0.9811140298843384
1.7050861120224,0.7695621252059937,0.9355239868164062,0.3458388931348961,0.995307207107544,0.3691491484642029
1.3843388557434082,1.342275857925415,0.042062997817993164,0.017641367424211365,1.4715566635131836,0.4278726577758789
1.1476633548736572,1.2197389602661133,0.07207560539245605,0.033560010803786386,1.199199914932251,0.45761412382125854
0.1680879443883896,0.9428495168685913,0.7747615724802017,0.6632733230423559,1.5201218128204346,0.18926489353179932
0.3521649241447449,0.3741799592971802,0.022015035152435303,0.01628132394157465,0.37860918045043945,0.5912941694259644
1.0364642143249512,1.018657922744751,0.017806291580200195,0.008743729182642495,1.199199914932251,0.3401699662208557
1.2795401811599731,1.2297289371490479,0.04981124401092529,0.021851443735279193,1.2864758968353271,0.3919326066970825
1.1848692893981934,1.0768849849700928,0.10798430442810059,0.04942369090548391,0.9568556547164917,0.34420889616012573
1.5631276369094849,1.277143955230713,0.285983681678772,0.11157605948317091,1.4715566635131836,0.39315295219421387
0.9222962856292725,0.8969168663024902,0.025379419326782227,0.01320265742409951,0.8821612596511841,0.5397262573242188
0.1518167406320572,0.1815030574798584,0.02968631684780121,0.025773472289967674,0.15713047981262207,0.5826767683029175
1.5386569499969482,0.9657845497131348,0.5728724002838135,0.22565963482561208,1.569641351699829,0.20049792528152466
0.2062322050333023,0.21791255474090576,0.011680349707603455,0.009683334318934866,0.22669124603271484,0.6380725502967834
0.7780789136886597,0.7461133003234863,0.03196561336517334,0.017977612309039787,0.7412172555923462,0.6226409673690796
0.2044215351343155,0.23385417461395264,0.029432639479637146,0.02443715810540938,0.22669124603271484,0.6311430931091309
0.22160735726356506,0.22418713569641113,0.0025797784328460693,0.0021117901897912974,0.22669124603271484,0.5485385656356812
0.8171523213386536,1.380751371383667,0.5635990500450134,0.3101550945546619,1.8322229385375977,0.3111739754676819
0.8164690136909485,0.9499958753585815,0.13352686166763306,0.07350902253835591,1.4715566635131836,0.16967761516571045
2.268311023712158,2.285085916519165,0.016774892807006836,0.005132587653164618,2.440624475479126,0.29886651039123535
4.121782330912538e-05,0.009833097457885742,0.009791879634576617,0.0097914760512468,0.009776949882507324,0.9991917014122009
0.9351568818092346,0.9257991313934326,0.009357750415802002,0.004835654671601182,0.9568556547164917,0.6207379102706909
0.2060568481683731,0.18848633766174316,0.017570510506629944,0.014568559129956526,0.17986774444580078,0.6005614995956421
0.5212045907974243,0.5668569803237915,0.04565238952636719,0.030010683508676462,0.0498504638671875,0.18109500408172607
0.9345030784606934,0.9256744384765625,0.00882863998413086,0.0045637766527391165,0.9568556547164917,0.520999550819397
0.1564231812953949,0.15725064277648926,0.0008274614810943604,0.0007155351902989871,0.13483142852783203,0.5967841148376465
0.9227681159973145,0.9244881868362427,0.0017200708389282227,0.0008945804876923729,0.9568556547164917,0.6639165878295898
0.19388723373413086,0.1931384801864624,0.000748753547668457,0.0006271560047816028,0.20305168628692627,0.6295542120933533
1.2193775177001953,1.0550589561462402,0.16431856155395508,0.07403813017094465,1.0744919776916504,0.450863778591156
0.23270615935325623,0.22064471244812012,0.012061446905136108,0.009784527167012932,0.22669124603271484,0.5530908107757568
1.3271174430847168,1.1608469486236572,0.16627049446105957,0.0714491204365944,1.4715566635131836,0.24211299419403076
0.20672455430030823,0.290197491645813,0.08347293734550476,0.0691731489576796,0.32598674297332764,0.5300200581550598
0.20351387560367584,0.23710834980010986,0.03359447419643402,0.027913657563427112,0.22669124603271484,0.5668792724609375
0.9348267912864685,0.9976614713668823,0.06283468008041382,0.03247560989096857,0.8821612596511841,0.2560908794403076
0.00031379054416902363,0.010028481483459473,0.009714690939290449,0.009711643517386353,0.009776949882507324,0.9980373382568359
9.344445425085723e-05,0.009849071502685547,0.00975562704843469,0.009754715524366143,0.009776949882507324,0.9989450573921204
1.1398539543151855,1.1072444915771484,0.03260946273803711,0.01523910670271564,1.1152548789978027,0.5121212005615234
0.7910964488983154,1.100658893585205,0.30956244468688965,0.1728340452449103,1.1152548789978027,0.2605053186416626
0.2539755403995514,0.8709598779678345,0.6169843375682831,0.4920226253948261,1.5201218128204346,0.1551603078842163
1.1257805824279785,1.1329636573791504,0.007183074951171875,0.0033790293365873465,1.1152548789978027,0.6392556428909302
1.0506314039230347,1.0424950122833252,0.008136391639709473,0.0039677494571398126,1.0744919776916504,0.5001411437988281
0.2907663583755493,0.30632078647613525,0.015554428100585938,0.012050537263894483,0.3004337549209595,0.6024681925773621
1.5935184955596924,1.1937806606292725,0.3997378349304199,0.15412954857071678,1.569641351699829,0.36767643690109253
0.0004761307791341096,0.010031938552856445,0.009555807773722336,0.009551260124797404,0.009776949882507324,0.9972020387649536
1.5007150173187256,1.8135013580322266,0.312786340713501,0.12507876289273115,2.0614800453186035,0.2314242124557495
1.1527997255325317,1.1255378723144531,0.027261853218078613,0.012663441422232125,1.1152548789978027,0.5562238097190857
1.5051933526992798,0.6263571977615356,0.8788361549377441,0.3508057188443444,0.13483142852783203,0.14417791366577148
0.5138304829597473,0.5089548826217651,0.004875600337982178,0.003220704294743561,0.5194836854934692,0.5624542236328125
0.22168324887752533,0.21475911140441895,0.006924137473106384,0.005667702720380456,0.22669124603271484,0.638206958770752
0.20481599867343903,0.21093261241912842,0.006116613745689392,0.005076803223416755,0.20305168628692627,0.6219594478607178
1.0883978605270386,0.9744699001312256,0.11392796039581299,0.05455280459206253,1.0744919776916504,0.2145981788635254
0.9354957342147827,0.9477722644805908,0.012276530265808105,0.006342835093247369,0.9568556547164917,0.5704965591430664
0.20466497540473938,0.20107436180114746,0.003590613603591919,0.002980591016506939,0.20305168628692627,0.6328999996185303
0.0002836262865457684,0.009921908378601074,0.009638282092055306,0.009635549197017727,0.009776949882507324,0.9982293248176575
1.0704883337020874,0.8746733665466309,0.19581496715545654,0.0945742914693628,1.4715566635131836,0.15875840187072754
0.6104268431663513,0.952643871307373,0.34221702814102173,0.21250082212251845,0.9568556547164917,0.1909726858139038
0.2909242808818817,0.3492748737335205,0.058350592851638794,0.04520063160619861,0.32598674297332764,0.5977502465248108
0.24786244332790375,0.9925979375839233,0.7447354942560196,0.596808965794256,1.4715566635131836,0.19167667627334595
1.090408205986023,1.072463035583496,0.017945170402526855,0.008584529256601494,1.1152548789978027,0.5774850845336914
0.9359614849090576,0.9398809671401978,0.003919482231140137,0.0020245662228782694,0.9568556547164917,0.6871192455291748
0.08580194413661957,1.0666227340698242,0.9808207899332047,0.9033146378395084,1.4715566635131836,0.22835028171539307
0.1400652676820755,0.929768443107605,0.7897031754255295,0.6926824260080434,1.0744919776916504,0.41115522384643555
1.0084105730056763,0.9760658740997314,0.032344698905944824,0.016104624891283826,0.995307207107544,0.687522828578949
1.139478087425232,1.1220817565917969,0.01739633083343506,0.008131109608311426,1.1152548789978027,0.6265802383422852
0.629580020904541,0.9271055459976196,0.2975255250930786,0.18257803929624106,1.5201218128204346,0.19309908151626587
1.0896291732788086,1.0848023891448975,0.004826784133911133,0.002309875931880053,1.1152548789978027,0.6159522533416748
0.22320686280727386,0.2597750425338745,0.03656817972660065,0.029895335644762697,0.2507953643798828,0.5986714959144592
1.043908715248108,0.9061781167984009,0.13773059844970703,0.06738588539801205,1.5201218128204346,0.16394412517547607
1.3630859851837158,1.2792954444885254,0.08379054069519043,0.035458100644897274,1.4715566635131836,0.37292593717575073
1.0661087036132812,1.093635082244873,0.027526378631591797,0.013322812388066867,1.1152548789978027,0.6281386017799377
0.0005648870719596744,0.010032296180725098,0.009467409108765423,0.009462064111075023,0.009776949882507324,0.9954403638839722
1.5243618488311768,1.1552660465240479,0.3690958023071289,0.1462135083676798,1.4715566635131836,0.3619106411933899
1.4202048778533936,1.2769980430603027,0.14320683479309082,0.059171368549636366,1.2864758968353271,0.38482367992401123
0.30547288060188293,0.3442333936691284,0.03876051306724548,0.029690783809599407,0.32598674297332764,0.6010798215866089
0.3058569133281708,0.34696757793426514,0.04111066460609436,0.03148175285247578,0.32598674297332764,0.5565376877784729
1.2215430736541748,0.710564374923706,0.5109786987304688,0.23001070957853156,1.199199914932251,0.14050942659378052
1.3519247770309448,1.340421438217163,0.011503338813781738,0.004891031773687712,1.4715566635131836,0.4726884961128235
1.2025096416473389,1.1531283855438232,0.049381256103515625,0.022420449459000572,1.2864758968353271,0.2955312728881836
1.0730717182159424,1.082204818725586,0.009133100509643555,0.004405588301355718,1.1152548789978027,0.6129991412162781
1.4162516593933105,1.1882307529449463,0.22802090644836426,0.09436968436707348,1.0744919776916504,0.3057023286819458
0.0002274548023706302,0.009860634803771973,0.009633180001401342,0.009630989386613777,0.009776949882507324,0.9989133477210999
2.7276088076177984e-05,0.009888172149658203,0.009860896061582025,0.009860627102248698,0.009776949882507324,0.9988715052604675
0.18367744982242584,0.21104109287261963,0.027363643050193787,0.02311748276889017,0.22669124603271484,0.606911838054657
0.9214396476745605,1.1867268085479736,0.2652871608734131,0.13806687147029534,1.4715566635131836,0.37412625551223755
0.19254170358181,0.22626817226409912,0.033726468682289124,0.028281164994893984,0.22669124603271484,0.5628308057785034
1.2230466604232788,1.232905626296997,0.009858965873718262,0.004434889311698508,1.2424135208129883,0.5441967844963074
1.0705909729003906,0.9983915090560913,0.07219946384429932,0.03486901314128959,0.995307207107544,0.6465276479721069
0.8365239500999451,0.8697710037231445,0.03324705362319946,0.01810325077513426,1.5201218128204346,0.16251182556152344
1.2335537672042847,1.2751269340515137,0.041573166847229004,0.018613013690404995,1.2864758968353271,0.3644466996192932
0.5075122714042664,0.9868044853210449,0.47929221391677856,0.317935862286754,1.6201341152191162,0.11967909336090088
0.24784694612026215,0.2447892427444458,0.003057703375816345,0.0024503833465499836,0.22669124603271484,0.6161478161811829
0.00038776537985540926,0.4377481937408447,0.4373604283609893,0.437190900865246,0.009776949882507324,0.3189312815666199
0.37527793645858765,0.3593360185623169,0.015941917896270752,0.011591778995104088,0.3520420789718628,0.570041298866272
0.9386862516403198,0.9126660823822021,0.026020169258117676,0.013421547316437637,1.5201218128204346,0.16135716438293457
1.236116647720337,1.2512457370758057,0.01512908935546875,0.006765787183281545,1.2864758968353271,0.5639238357543945
0.00019936470198445022,0.010123848915100098,0.009924484213115647,0.009922506015660896,0.009776949882507324,0.9982532262802124
1.0639729499816895,0.9920991659164429,0.07187378406524658,0.034823026176716225,1.0744919776916504,0.5994647741317749
1.2170711755752563,1.5709359645843506,0.35386478900909424,0.15960912437431246,2.1829757690429688,0.21163219213485718
0.4923307001590729,0.5403046607971191,0.047973960638046265,0.03214700376594313,0.549341082572937,0.6633154153823853
0.2062908113002777,0.2465134859085083,0.04022267460823059,0.03334409433565527,0.22669124603271484,0.5109943151473999
0.8549351096153259,1.0380198955535889,0.18308478593826294,0.09870145051932885,1.569641351699829,0.19659453630447388
0.5334479808807373,0.5619580745697021,0.028510093688964844,0.018592149224775166,0.549341082572937,0.594326376914978
1.363266944885254,1.2105071544647217,0.15275979042053223,0.06463924473328989,1.4715566635131836,0.38251662254333496
0.21821653842926025,1.0974159240722656,0.8791993856430054,0.7217102689942335,1.37721586227417,0.2280876636505127
0.2028173953294754,0.21716511249542236,0.01434771716594696,0.011928425064069544,0.20305168628692627,0.5165974497795105
1.1288256645202637,1.1296536922454834,0.0008280277252197266,0.00038895985661011127,1.1152548789978027,0.6516566276550293
1.7836569547653198,1.5000407695770264,0.28361618518829346,0.10188618418040815,1.671618938446045,0.2563464641571045
0.028537768870592117,1.8137671947479248,1.7852294258773327,1.7356965197667384,1.9446210861206055,0.19993793964385986
0.693865180015564,0.7571355104446411,0.06327033042907715,0.03735263654719899,0.7412172555923462,0.17398446798324585
0.5364157557487488,0.551738977432251,0.015323221683502197,0.009973356252152373,0.549341082572937,0.6956864595413208
3.9418457163264975e-05,0.009833693504333496,0.009794275047170231,0.009793888987176728,0.009776949882507324,0.9992638826370239
0.3735329508781433,0.40769004821777344,0.03415709733963013,0.024868058183673283,0.405698299407959,0.5686724185943604
1.2321938276290894,1.219890832901001,0.012302994728088379,0.005511615781661724,1.199199914932251,0.2924429178237915
0.5355460047721863,0.5558820962905884,0.0203360915184021,0.013243557311341619,0.549341082572937,0.6781540513038635
1.0941274166107178,1.0932369232177734,0.0008904933929443359,0.0004252336251752879,1.1152548789978027,0.6574037075042725
1.2313083410263062,1.0516963005065918,0.17961204051971436,0.08049628875456115,1.4715566635131836,0.2846735119819641
0.8831495642662048,0.8713854551315308,0.011764109134674072,0.006247039193224209,0.8821612596511841,0.3552190065383911
0.00033089795033447444,0.011184453964233398,0.010853556013898924,0.010849965782460308,0.009776949882507324,0.9935495853424072
8.917973173083737e-05,0.02211451530456543,0.022025335572834592,0.02202337153446934,0.009776949882507324,0.9384164810180664
0.29056650400161743,0.9061198234558105,0.6155533194541931,0.4769636570804891,1.4715566635131836,0.18687665462493896
1.0865708589553833,1.2023792266845703,0.11580836772918701,0.05550176608292377,1.199199914932251,0.38264715671539307
0.6283835768699646,1.0470056533813477,0.41862207651138306,0.2570782968199957,1.5201218128204346,0.22163397073745728
0.8640627861022949,0.7860181331634521,0.07804465293884277,0.04186803873813287,0.8103179931640625,0.5319525003433228
0.32259729504585266,0.4727729558944702,0.15017566084861755,0.11354602146181704,0.5194836854934692,0.5205938816070557
1.071297526359558,0.9996970891952515,0.07160043716430664,0.03456791516096151,1.5201218128204346,0.22287487983703613
1.0560749769210815,1.0901408195495605,0.034065842628479004,0.016568385399783284,1.1152548789978027,0.6284791231155396
0.8183295726776123,1.0078167915344238,0.18948721885681152,0.10420950178892976,1.569641351699829,0.20972460508346558
0.9129599928855896,0.7568103075027466,0.15614968538284302,0.08162726139781953,0.405698299407959,0.18682861328125
0.0001424415095243603,0.013901233673095703,0.013758792163571343,0.013756832619566738,0.009776949882507324,0.979354202747345
1.2251543998718262,1.242569923400879,0.017415523529052734,0.007826658469208207,1.2864758968353271,0.4920915365219116
0.32351282238960266,0.3223857879638672,0.0011270344257354736,0.0008515477951325116,0.32598674297332764,0.6073601245880127
0.1394040882587433,0.128534197807312,0.010869890451431274,0.009539978453160394,0.13483142852783203,0.6391443014144897
2.3028640747070312,2.418869972229004,0.11600589752197266,0.03512281913456052,2.440624475479126,0.3284815549850464
0.8834478259086609,0.9788553714752197,0.09540754556655884,0.05065579425887728,0.9568556547164917,0.5114869475364685
0.772442638874054,0.7833069562911987,0.010864317417144775,0.006129573493022231,0.7412172555923462,0.13467884063720703
0.3047213852405548,0.2987433671951294,0.005978018045425415,0.0045818349519297814,0.32598674297332764,0.5646158456802368
0.00033000385155901313,0.010019659996032715,0.009689656144473702,0.009686459575505815,0.009776949882507324,0.997934877872467
0.00019295983656775206,0.00989067554473877,0.009697715708171017,0.009695844799543111,0.009776949882507324,0.9988800883293152
8.316461753565818e-05,0.009862184524536133,0.009779019907000475,0.00977820670617957,0.009776949882507324,0.9988279342651367
0.3738132417201996,0.4269345998764038,0.053121358156204224,0.038667088468072354,0.405698299407959,0.5368476510047913
0.7029542326927185,0.6349732875823975,0.06798094511032104,0.03991941991466751,0.6108274459838867,0.5847102403640747
1.9670751094818115,1.7077090740203857,0.2593660354614258,0.0874147184992304,2.0614800453186035,0.2854771018028259
5.969277481199242e-05,0.028455376625061035,0.028395683850249043,0.028393988934261576,0.009776949882507324,0.9054898023605347
0.37510326504707336,0.38501477241516113,0.009911507368087769,0.007207827673762721,0.37860918045043945,0.5717549324035645
0.9358035922050476,0.8645238876342773,0.07127970457077026,0.03682176479979383,0.8821612596511841,0.6170901656150818
0.39931899309158325,0.3803420066833496,0.018976986408233643,0.01356158710195655,0.37860918045043945,0.5695799589157104
0.18025821447372437,0.1608670949935913,0.019391119480133057,0.01642955689046361,0.15713047981262207,0.6565959453582764
1.118196964263916,1.0329716205596924,0.08522534370422363,0.040234853104814956,0.9568556547164917,0.5489495992660522
0.3986796736717224,0.977546215057373,0.5788665413856506,0.41386641436351757,1.199199914932251,0.1668751835823059
0.30475693941116333,0.3228229284286499,0.018065989017486572,0.013846248655048158,0.32598674297332764,0.5891242027282715
0.5926541686058044,1.8518965244293213,1.2592423558235168,0.7906564906842561,1.9446210861206055,0.43979257345199585
1.2141999006271362,1.1748099327087402,0.039389967918395996,0.01778970720179304,1.199199914932251,0.6500391960144043
0.8093740940093994,0.8914443254470825,0.0820702314376831,0.04535835442178977,0.8821612596511841,0.5886811017990112
0.0008012812468223274,0.04037964344024658,0.039578362193424255,0.0395466741850256,0.009776949882507324,0.848761260509491
1.0165384082938544e-05,0.015568375587463379,0.01555821020338044,0.015558052049805772,0.009776949882507324,0.8996098637580872
0.30389654636383057,0.29915380477905273,0.004742741584777832,0.003637360339671035,0.32598674297332764,0.5895540714263916
0.8383498191833496,0.8430968523025513,0.00474703311920166,0.0025822251399956267,0.8821612596511841,0.5752511024475098
1.1229718923568726,1.1196537017822266,0.003318190574645996,0.0015629931731984546,1.1152548789978027,0.2832234501838684
1.143324851989746,1.2189397811889648,0.07561492919921875,0.03527926675651708,1.2864758968353271,0.42140090465545654
0.8873632550239563,1.30704927444458,0.4196860194206238,0.2223663188861313,1.4715566635131836,0.417993426322937
0.3057621419429779,0.38317835330963135,0.07741621136665344,0.05928814205890354,0.37860918045043945,0.5865362882614136
1.0021947622299194,1.1167263984680176,0.11453163623809814,0.057203044578210745,1.199199914932251,0.3118479251861572
0.808311939239502,1.105248212814331,0.2969362735748291,0.16420633361504414,1.4715566635131836,0.3661341071128845
9.07778085093014e-05,0.009914875030517578,0.009824097222008277,0.00982320549294109,0.009776949882507324,0.9986545443534851
0.8079373240470886,0.8195270299911499,0.01158970594406128,0.006410457812839213,0.8103179931640625,0.5011645555496216
0.3051774799823761,0.3627133369445801,0.05753585696220398,0.044082784023350516,0.37860918045043945,0.5756772756576538
0.2216050922870636,0.24799740314483643,0.026392310857772827,0.021604617584199567,0.22669124603271484,0.590650200843811
0.27070891857147217,0.2376999855041504,0.03300893306732178,0.025976785544584307,0.22669124603271484,0.5873074531555176
5.830238660564646e-05,0.00984346866607666,0.009785166279471014,0.009784595814183075,0.009776949882507324,0.9983763694763184
2.0640790462493896,1.633995532989502,0.4300835132598877,0.14036306073315402,1.8322229385375977,0.2995791435241699
8.844358671922237e-05,0.009847402572631836,0.009758958985912614,0.009758095944907695,0.009776949882507324,0.9989868402481079
0.7026671171188354,0.6923255920410156,0.010341525077819824,0.00607372103087256,0.7076621055603027,0.620724081993103
0.6068082451820374,0.5606226921081543,0.04618555307388306,0.028743661984788133,0.549341082572937,0.6605361700057983
1.1473722457885742,0.9660054445266724,0.18136680126190186,0.08445987956564045,1.5201218128204346,0.18842554092407227
1.1362894773483276,1.1002843379974365,0.03600513935089111,0.016854054533649878,1.199199914932251,0.5318996906280518
1.1299028396606445,1.1715781688690186,0.04167532920837402,0.019566774799461797,1.199199914932251,0.6399093270301819
0.20254269242286682,0.2807192802429199,0.0781765878200531,0.06500940741034646,0.22669124603271484,0.3693130612373352
0.2585223913192749,0.7556480169296265,0.49712562561035156,0.39500737455233376,1.199199914932251,0.3862861394882202
0.9395427703857422,0.9044954776763916,0.035047292709350586,0.01806987360344741,0.8821612596511841,0.6674647331237793
0.5352712869644165,0.5508183240890503,0.015547037124633789,0.010126573236039507,0.549341082572937,0.6819145679473877
2.3073309421306476e-05,0.010058999061584473,0.010035925752163166,0.010035694195485736,0.009776949882507324,0.998184084892273
1.8254168026032858e-05,0.010271549224853516,0.010253295056827483,0.01025310789487318,0.009776949882507324,0.9975512027740479
0.08769842982292175,0.8358656167984009,0.7481671869754791,0.6878443201368613,0.8821612596511841,0.5590754747390747
1.465978980064392,1.1039159297943115,0.36206305027008057,0.14682325080509256,0.9568556547164917,0.2842828035354614
0.8852173089981079,1.193147897720337,0.307930588722229,0.16333957218219985,1.569641351699829,0.31425559520721436
0.00011644008191069588,0.048126816749572754,0.04801037666766206,0.048004786986333266,0.009776949882507324,0.7755871415138245
1.0015453100204468,0.9424731731414795,0.059072136878967285,0.029513264867515706,1.569641351699829,0.18753844499588013
0.8849473595619202,0.8727626800537109,0.012184679508209229,0.006464201478306039,0.8821612596511841,0.5323233008384705
9.624157428334001e-06,0.009842753410339355,0.009833129252911021,0.009833034618237858,0.009776949882507324,0.9987508654594421
0.8852149844169617,0.8568203449249268,0.028394639492034912,0.015061751432458772,0.8103179931640625,0.37992119789123535
0.7990843653678894,0.7331091165542603,0.06597524881362915,0.03667157031857039,0.7412172555923462,0.594330906867981
1.3556045293807983,1.3375568389892578,0.018047690391540527,0.007661596064380383,1.2864758968353271,0.48295897245407104
0.9367778301239014,0.8916425704956055,0.0451352596282959,0.02330430415212284,0.8821612596511841,0.5576953887939453
1.4057722091674805,0.8748248815536499,0.5309473276138306,0.22069725703480686,1.5201218128204346,0.20907896757125854
5.5272263125516474e-05,0.009952187538146973,0.009896915275021456,0.009896368280349878,0.009776949882507324,0.9985301494598389
0.5816990733146667,1.0311946868896484,0.4494956135749817,0.2841852923596915,1.4715566635131836,0.21186542510986328
0.8093854188919067,1.226022481918335,0.4166370630264282,0.23026440838767379,1.4715566635131836,0.32565730810165405
0.9199613928794861,0.8504030704498291,0.06955832242965698,0.03622902142075681,0.8821612596511841,0.5237717032432556
1.2226102352142334,1.1212794780731201,0.10133075714111328,0.04559088027926147,1.199199914932251,0.48361754417419434
0.00023909585434012115,0.01069176197052002,0.010452666116179898,0.010450167524447643,0.009776949882507324,0.9950096011161804
0.3059691786766052,0.3175865411758423,0.01161736249923706,0.00889558703905205,0.32598674297332764,0.5907597541809082
0.00020503721316345036,0.009861946105957031,0.009656908892793581,0.009654929273002153,0.009776949882507324,0.9989055395126343
1.0715842247009277,1.0940051078796387,0.022420883178710938,0.010823061361141527,1.1152548789978027,0.669104814529419
0.7861786484718323,0.780849814414978,0.005328834056854248,0.0029833712665938202,0.8103179931640625,0.5665696859359741
0.9155681133270264,1.1875824928283691,0.2720143795013428,0.14200193540959427,1.199199914932251,0.4461514353752136
0.3120233714580536,0.3158881664276123,0.003864794969558716,0.00294567540002261,0.32598674297332764,0.6099523305892944
0.8849937915802002,0.9042292833328247,0.01923549175262451,0.01020453851813448,0.8821612596511841,0.6139107346534729
0.9732998609542847,0.8961499929428101,0.07714986801147461,0.0390968800728365,0.8821612596511841,0.6235717535018921
0.2328263521194458,0.2547651529312134,0.021938800811767578,0.01779553200988194,0.22669124603271484,0.5943366289138794
5.636208152282052e-05,0.009937047958374023,0.009880685876851203,0.009880129012214361,0.009776949882507324,0.9953126311302185
1.182664394378662,1.1777911186218262,0.0048732757568359375,0.002232718767661581,1.199199914932251,0.6273521184921265
0.9139332175254822,1.217043161392212,0.30310994386672974,0.15837017775292053,1.4715566635131836,0.3809095025062561
0.07320345193147659,0.0887230634689331,0.015519611537456512,0.014461015299126554,0.11296224594116211,0.5973732471466064
1.361573576927185,0.8350752592086792,0.5264983177185059,0.22294385525924246,1.5201218128204346,0.1451660394668579
7.274293602677062e-05,0.00983119010925293,0.009758447173226159,0.009757737366761122,0.009776949882507324,0.9991593956947327
3.3961216104216874e-05,0.010005354881286621,0.009971393665182404,0.009971055036027538,0.009776949882507324,0.9980701804161072
0.9164908528327942,0.8900463581085205,0.02644449472427368,0.01379839339446138,0.8821612596511841,0.5505000352859497
0.18011589348316193,0.17949748039245605,0.0006184130907058716,0.0005240274231716337,0.17986774444580078,0.6360299587249756
0.2690644860267639,0.2812321186065674,0.012167632579803467,0.009587875725605056,0.3004337549209595,0.6020129919052124
0.854391872882843,0.8771238327026367,0.0227319598197937,0.01225844448102252,0.8821612596511841,0.6204041838645935
0.5934485793113708,1.114234209060669,0.5207856297492981,0.32682926610305946,1.4715566635131836,0.25849616527557373
0.0002641863829921931,0.009830832481384277,0.009566646098392084,0.009564119388284388,0.009776949882507324,0.9991817474365234
1.2419564723968506,0.7375471591949463,0.5044093132019043,0.22498622047851177,0.4614841938018799,0.1579059362411499
0.19404521584510803,0.28075313568115234,0.08670791983604431,0.07261694840816824,0.32598674297332764,0.4691537618637085
1.1236478090286255,1.115680456161499,0.007967352867126465,0.0037517298458122393,1.1152548789978027,0.5995124578475952
2.033705711364746,2.1583073139190674,0.12460160255432129,0.041072409260906155,2.2455203533172607,0.32549434900283813
1.5336964130401611,1.1093857288360596,0.42431068420410156,0.16746705801859454,1.4715566635131836,0.24428844451904297
3.7336630821228027,2.3488025665283203,1.3848605155944824,0.2925557842983291,3.4309821128845215,0.24984222650527954
1.6616342067718506,0.8323401212692261,0.8292940855026245,0.3115732745666917,1.5201218128204346,0.15501803159713745
0.20551607012748718,0.25349676609039307,0.047980695962905884,0.03980095923385888,0.22669124603271484,0.58530592918396
0.2054857611656189,0.16499507427215576,0.040490686893463135,0.03358868947096606,0.15713047981262207,0.6216745972633362
0.00042931517236866057,0.012616753578186035,0.012187438405817375,0.012182208398918763,0.009776949882507324,0.987027108669281
0.6653157472610474,0.5799593925476074,0.08535635471343994,0.051255357942676,0.5797851085662842,0.6373461484909058
6.903861503815278e-05,0.00985729694366455,0.009788258328626398,0.009787582607478607,0.009776949882507324,0.9975106120109558
6.335000216495246e-05,0.010070562362670898,0.010007212360505946,0.010006578443739872,0.009776949882507324,0.9982813000679016
0.26883623003959656,0.293414831161499,0.024578601121902466,0.01937097991057163,0.3004337549209595,0.5922920107841492
1.017261028289795,0.9882303476333618,0.029030680656433105,0.014391137413210676,0.995307207107544,0.6660194396972656
0.3717655539512634,0.35804200172424316,0.013723552227020264,0.010004298611734814,0.3520420789718628,0.5974453687667847
0.7985424399375916,0.8344823122024536,0.03593987226486206,0.019982776867978246,0.8103179931640625,0.5494171380996704
0.17991402745246887,0.1457275152206421,0.03418651223182678,0.028973731506216824,0.13483142852783203,0.6660875082015991
1.2683722972869873,0.8387035131454468,0.4296687841415405,0.18941722426051133,1.5201218128204346,0.18652504682540894
0.8753894567489624,0.8787286281585693,0.0033391714096069336,0.001780521585844615,0.8821612596511841,0.6105942130088806
0.09733989089727402,1.0920350551605225,0.9946951642632484,0.9064604071304699,1.2864758968353271,0.25286781787872314
0.9211022853851318,0.8972804546356201,0.02382183074951172,0.012400084540389817,0.8821612596511841,0.5415678024291992
0.0005768494447693229,0.010859966278076172,0.010283116833306849,0.010277188442859795,0.009776949882507324,0.9803164005279541
0.0004718461132142693,0.00982677936553955,0.009354933252325282,0.009350521245219198,0.009776949882507324,0.9991830587387085
1.1773157119750977,1.1926054954528809,0.015289783477783203,0.007022308888734128,1.199199914932251,0.635969877243042
0.939480721950531,1.030564546585083,0.091083824634552,0.046962995612015786,0.9568556547164917,0.37986892461776733
1.1353511810302734,1.1348438262939453,0.000507354736328125,0.00023759779695035188,1.1152548789978027,0.39547574520111084
1.6103432178497314,0.925979733467102,0.6843634843826294,0.2621737554291322,1.5201218128204346,0.17964673042297363
1.4118345975875854,1.204883098602295,0.20695149898529053,0.08580667148248548,1.4715566635131836,0.3368343114852905
8.692772826179862e-05,0.009846806526184082,0.009759878797922283,0.0097590304675737,0.009776949882507324,0.9990107417106628
1.0743961334228516,1.0492231845855713,0.025172948837280273,0.012135073157769398,1.0744919776916504,0.503873884677887
0.9917374849319458,1.020322561264038,0.028585076332092285,0.014351829268840108,0.9568556547164917,0.37157338857650757
1.1196980476379395,1.0744805335998535,0.04521751403808594,0.021332054387875454,1.569641351699829,0.13432365655899048
1.143988847732544,1.1008822917938232,0.0431065559387207,0.020105774330080897,1.199199914932251,0.3451780080795288
0.9367568492889404,0.9845410585403442,0.04778420925140381,0.024672281019141495,1.569641351699829,0.19894051551818848
0.9183879494667053,2.167963981628418,1.2495760321617126,0.6513677447301958,2.57716703414917,0.2743098735809326
1.1854965686798096,0.7478063106536865,0.43769025802612305,0.20027039360236476,1.199199914932251,0.41194361448287964
0.23383164405822754,0.2558056116104126,0.02197396755218506,0.01780953475946679,0.22669124603271484,0.5783119201660156
0.7508218288421631,0.6370426416397095,0.11377918720245361,0.0649861598296938,0.549341082572937,0.40390515327453613
0.23392602801322937,0.24005389213562012,0.006127864122390747,0.004966151927484139,0.22669124603271484,0.617163896560669
1.2672464847564697,1.2092573642730713,0.05798912048339844,0.025576892884510167,1.199199914932251,0.31106680631637573
1.1483060121536255,0.7749037742614746,0.3734022378921509,0.17381240650991991,1.199199914932251,0.29962843656539917
0.16368453204631805,0.17889177799224854,0.015207245945930481,0.013068186030786896,0.17986774444580078,0.6160024404525757
0.2058933675289154,0.1935962438583374,0.012297123670578003,0.01019752160655543,0.20305168628692627,0.6309736967086792
0.3229280710220337,0.355692982673645,0.03276491165161133,0.024766963804992555,0.3520420789718628,0.5708417892456055
0.691153883934021,1.1215567588806152,0.43040287494659424,0.2545024903028789,1.2864758968353271,0.2885798215866089
1.5501071214675903,0.99334716796875,0.5567599534988403,0.21832806504944943,0.8821612596511841,0.287322998046875
1.267406940460205,1.185450792312622,0.08195614814758301,0.03614531943302103,1.199199914932251,0.4490700364112854
1.1954121589660645,1.1408565044403076,0.054555654525756836,0.024849846213592066,1.199199914932251,0.6110568642616272
1.1559785604476929,1.1749248504638672,0.018946290016174316,0.008787791476108225,1.199199914932251,0.6436678171157837
0.8064438700675964,0.699241042137146,0.10720282793045044,0.0593446769682575,0.8103179931640625,0.34799742698669434
0.0004037177423015237,0.009855270385742188,0.009451552643440664,0.009447738423814345,0.009776949882507324,0.9990444183349609
0.00023905794660095125,0.009851455688476562,0.009612397741875611,0.009610100371014287,0.009776949882507324,0.9988707304000854
0.2690674364566803,0.3329564332962036,0.06388899683952332,0.0503432638835219,0.32598674297332764,0.6125075817108154
0.7089248895645142,0.7201554775238037,0.01123058795928955,0.006571727071136195,0.7076621055603027,0.6344613432884216
1.0945286750793457,1.006683111190796,0.0878455638885498,0.04194049235693658,1.0744919776916504,0.24736517667770386
0.0002441790420562029,0.009951591491699219,0.009707412449643016,0.009705042681617903,0.009776949882507324,0.9981516003608704
0.9911302924156189,0.9361684322357178,0.05496186017990112,0.027603346897616607,0.9568556547164917,0.644088625907898
0.709265947341919,0.6913770437240601,0.017888903617858887,0.010465839821870866,0.7076621055603027,0.6051124930381775
0.2063015252351761,0.23165595531463623,0.025354430079460144,0.021018318844052808,0.22669124603271484,0.6179803609848022
0.5967921018600464,0.5798630714416504,0.016929030418395996,0.010601900146347149,0.549341082572937,0.6522558927536011
0.0005775430472567677,1.5034070014953613,1.5028294584481046,1.5019620107315628,1.671618938446045,0.2491084337234497
0.14207999408245087,0.6933591365814209,0.55127914249897,0.48269748647674077,1.5201218128204346,0.13910508155822754
0.8997802734375,1.1646628379821777,0.26488256454467773,0.13942800030521108,1.569641351699829,0.36549049615859985
0.7036841511726379,0.7221070528030396,0.01842290163040161,0.010813566363061612,0.7412172555923462,0.5979666709899902
0.206321120262146,0.21969640254974365,0.013375282287597656,0.011087663195925036,0.22669124603271484,0.6146035194396973
0.23313069343566895,0.23617064952850342,0.0030399560928344727,0.0024652343089155812,0.22669124603271484,0.614815890789032
0.24902264773845673,0.2972766160964966,0.048253968358039856,0.038633381424597,0.32598674297332764,0.5639034509658813
0.8656777143478394,0.89316725730896,0.027489542961120605,0.014734347068475203,0.8821612596511841,0.6069751977920532
0.31527888774871826,0.8584107160568237,0.5431318283081055,0.41294042911138845,1.5201218128204346,0.14817625284194946
0.9394400119781494,0.959131121635437,0.019691109657287598,0.010152987220885205,0.9568556547164917,0.6154340505599976
1.1858493089675903,0.9034746885299683,0.28237462043762207,0.12918302248886127,1.569641351699829,0.13967299461364746
0.4878937602043152,1.0598232746124268,0.5719295144081116,0.38438867727328535,1.569641351699829,0.25473612546920776
0.7516367435455322,0.7977628707885742,0.04612612724304199,0.026333158066596005,1.5201218128204346,0.1807321310043335
0.20560361444950104,0.24462127685546875,0.03901766240596771,0.03236359109937128,0.20305168628692627,0.4662492275238037
1.2237874269485474,1.2112185955047607,0.012568831443786621,0.005651993212783567,1.199199914932251,0.6304851770401001
1.2735790014266968,1.2180421352386475,0.055536866188049316,0.024427066819846285,1.2864758968353271,0.43554264307022095
1.2168903350830078,1.1486303806304932,0.06825995445251465,0.03079085752338704,1.4715566635131836,0.3258676528930664
0.4903774857521057,0.4285176992416382,0.06185978651046753,0.041506119826582415,0.405698299407959,0.5647828578948975
0.17927241325378418,0.17789113521575928,0.0013812780380249023,0.001171296828875828,0.17986774444580078,0.6425524950027466
0.0002271850244142115,0.009864330291748047,0.009637145267333835,0.009634956349540336,0.009776949882507324,0.998725414276123
7.93060171417892e-05,0.012675046920776367,0.012595740903634578,0.01259474206480449,0.009776949882507324,0.9761232137680054
0.9225723147392273,0.8803553581237793,0.042216956615448,0.02195857929077388,0.8821612596511841,0.6021456718444824
0.7485445141792297,1.9986002445220947,1.250055730342865,0.7149121570574619,2.309293270111084,0.39864403009414673
0.20638057589530945,0.20142078399658203,0.004959791898727417,0.004111299533355411,0.20305168628692627,0.610048770904541
0.4559975266456604,0.8847005367279053,0.4287030100822449,0.2944393807247012,1.5201218128204346,0.185421884059906
0.7383018732070923,0.8148798942565918,0.07657802104949951,0.04405335012854606,0.7412172555923462,0.2656519412994385
0.8426196575164795,0.804158091545105,0.03846156597137451,0.020873307095406655,0.8103179931640625,0.5483790040016174
0.8412476778030396,0.8826285600662231,0.041380882263183594,0.022474370375070288,0.8821612596511841,0.6182971000671387
0.3761443793773651,0.3861861228942871,0.010041743516921997,0.007297013065929442,0.37860918045043945,0.5928378105163574
1.7202009985339828e-05,0.1777937412261963,0.17777653921621095,0.17777348115501299,0.009776949882507324,0.7374098300933838
1.3596413135528564,1.2395200729370117,0.12012124061584473,0.05090656784398346,1.37721586227417,0.3734170198440552
0.9192599058151245,0.8986994028091431,0.020560503005981445,0.010712724703770249,0.8821612596511841,0.4523974061012268
0.0001029442428261973,0.009843111038208008,0.00974016679538181,0.009739164204497018,0.009776949882507324,0.9990490674972534
0.6384367346763611,0.9820722341537476,0.3436354994773865,0.2097337615817461,1.5201218128204346,0.1882009506225586
1.6971698999404907,1.054286003112793,0.6428838968276978,0.23835498714481504,1.5201218128204346,0.19523531198501587
1.3592816591262817,1.3290808200836182,0.030200839042663574,0.012800862044529232,1.4715566635131836,0.4106175899505615
2.090291738510132,1.9650828838348389,0.12520885467529297,0.04051683959639931,2.0614800453186035,0.3641337752342224
0.49055802822113037,0.5051718950271606,0.014613866806030273,0.00980429243903428,0.5194836854934692,0.5897577404975891
1.419252634048462,1.3334956169128418,0.08575701713562012,0.03544773122437871,1.4715566635131836,0.40796971321105957
0.9172924757003784,0.849196195602417,0.06809628009796143,0.03551689737533975,0.8821612596511841,0.6021900773048401
0.3751700520515442,0.32167696952819824,0.05349308252334595,0.038899249182704654,0.32598674297332764,0.6094967126846313
0.29320621490478516,0.8514238595962524,0.5582176446914673,0.43165400711638796,1.2864758968353271,0.22656351327896118
0.8072977662086487,0.8178800344467163,0.010582268238067627,0.005855298687314333,0.8103179931640625,0.5569735765457153
0.9079288244247437,0.8782846927642822,0.029644131660461426,0.01553733623653355,0.8821612596511841,0.6108370423316956
0.550277829170227,0.261059045791626,0.2892187833786011,0.18655932371386807,0.17986774444580078,0.41122865676879883
0.4843266010284424,1.1673078536987305,0.6829812526702881,0.46012868879198976,1.4715566635131836,0.2557293176651001
0.9312857985496521,0.950647234916687,0.019361436367034912,0.010025153388263338,0.9568556547164917,0.6593290567398071
0.9201786518096924,0.8965352773666382,0.0236433744430542,0.01231311181424252,0.8821612596511841,0.5924735069274902
0.854126513004303,1.2790288925170898,0.42490237951278687,0.2291657966878988,1.4715566635131836,0.37634897232055664
0.6671456098556519,0.7595096826553345,0.09236407279968262,0.055402522883217065,1.5201218128204346,0.14169615507125854
0.23313798010349274,0.8878442049026489,0.6547062247991562,0.5309269808916348,1.5201218128204346,0.1390020251274109
0.9076675772666931,0.8816852569580078,0.025982320308685303,0.013619941240450698,0.8821612596511841,0.6567187309265137
0.8617546558380127,0.602704644203186,0.25905001163482666,0.13914293745553874,0.13483142852783203,0.1774061918258667
0.9408745765686035,0.8502905368804932,0.09058403968811035,0.04667176374078725,0.8821612596511841,0.6103683710098267
0.8515207767486572,0.7765804529190063,0.07494032382965088,0.04047501101297336,0.8103179931640625,0.41493189334869385
0.5752060413360596,0.5761289596557617,0.0009229183197021484,0.0005859032377246007,0.549341082572937,0.6625699400901794
1.1375631093978882,0.7560364007949829,0.3815267086029053,0.1784867576192285,1.5201218128204346,0.17355811595916748
7.913956505944952e-05,0.009985923767089844,0.009906784202030394,0.009906000245479489,0.009776949882507324,0.9981943368911743
0.7065228223800659,1.0670161247253418,0.3604933023452759,0.21124434881128656,1.4715566635131836,0.25638192892074585
5.879124364582822e-05,0.010253071784973145,0.010194280541327316,0.010193681242129762,0.009776949882507324,0.9960232377052307
1.4812849760055542,0.8728188276290894,0.6084661483764648,0.24522219505636617,1.5201218128204346,0.1807079315185547
0.19139787554740906,0.23451435565948486,0.043116480112075806,0.036189824572471364,0.22669124603271484,0.6173915863037109
0.6933478713035583,0.7052820920944214,0.011934220790863037,0.0070477076760819025,0.7412172555923462,0.2703027129173279
1.1427667140960693,1.1036419868469238,0.03912472724914551,0.01825897658002885,1.199199914932251,0.5913581848144531
0.23398827016353607,0.20130443572998047,0.0326838344335556,0.026486341259325044,0.20305168628692627,0.6284490823745728
3.987334275734611e-05,0.01005256175994873,0.010012688417191384,0.010012289193752575,0.009776949882507324,0.9978039264678955
1.1625019311904907,0.4951397180557251,0.6673622131347656,0.30860652816498174,0.13483142852783203,0.20529818534851074
0.7026072144508362,0.7297254800796509,0.027118265628814697,0.015927493668915,0.7412172555923462,0.6230924129486084
0.682671844959259,0.616234540939331,0.06643730401992798,0.03948322081869538,0.0498504638671875,0.17923206090927124
0.0001660176640143618,0.011415362358093262,0.0112493446940789,0.011247477414152548,0.009776949882507324,0.9904605150222778
0.19188234210014343,0.18198347091674805,0.009898871183395386,0.008305241913352947,0.17986774444580078,0.6228806376457214
0.7121559381484985,0.618780255317688,0.09337568283081055,0.05453690329853115,0.405698299407959,0.3342882990837097
0.4506964385509491,1.1174068450927734,0.6667104065418243,0.45957954319359773,1.37721586227417,0.2574646472930908
0.5544157028198242,0.49849820137023926,0.05591750144958496,0.035973325120266415,0.5194836854934692,0.5737714171409607
0.8569496870040894,1.1935014724731445,0.3365517854690552,0.18123904369861046,1.4715566635131836,0.3760561943054199
1.0680359601974487,1.0710482597351074,0.0030122995376586914,0.0014565992060269048,1.0744919776916504,0.6761235594749451
0.19161629676818848,0.2220466136932373,0.030430316925048828,0.02553700969647665,0.22669124603271484,0.6414653062820435
1.5554265975952148,1.0418097972869873,0.5136168003082275,0.20099062942820067,1.5201218128204346,0.2214125394821167
0.18016649782657623,0.16519570350646973,0.014970794320106506,0.012685323933256104,0.15713047981262207,0.5786517858505249
0.04418959096074104,0.28801143169403076,0.24382184073328972,0.23350342011066536,0.20305168628692627,0.338031530380249
6.787580059608445e-05,0.009868502616882324,0.00980062681628624,0.009799961636044381,0.009776949882507324,0.9979177117347717
0.8060001134872437,0.8446913957595825,0.03869128227233887,0.021423742990596528,0.8821612596511841,0.5496721267700195
0.19037804007530212,0.15688014030456543,0.033497899770736694,0.028140555893166216,0.13483142852783203,0.6130154132843018
0.14464865624904633,0.1585453748703003,0.013896718621253967,0.012140597505956793,0.15713047981262207,0.6604645252227783
0.16368696093559265,0.14510393142700195,0.018583029508590698,0.015969096614823396,0.13483142852783203,0.6805634498596191
0.19194424152374268,0.22329926490783691,0.03135502338409424,0.02630578033080725,0.22669124603271484,0.635617733001709
0.00010737919365055859,0.009924650192260742,0.009817270998610184,0.009816216941150344,0.009776949882507324,0.9985327124595642
0.8666413426399231,0.8853017091751099,0.018660366535186768,0.00999676055004551,0.8821612596511841,0.6376386284828186
1.2016185522079468,1.2135491371154785,0.011930584907531738,0.005419006346747424,1.2864758968353271,0.48456871509552
0.1917780488729477,0.19487535953521729,0.0030973106622695923,0.0025988989016861716,0.17986774444580078,0.5823180675506592
0.9248210787773132,0.9964697360992432,0.07164865732192993,0.037223541508306146,0.9568556547164917,0.5399351119995117
0.8061172366142273,0.7973606586456299,0.008756577968597412,0.004848288799354252,0.8103179931640625,0.4948585033416748
0.7688390016555786,0.7536920309066772,0.015146970748901367,0.008563227481259894,0.7412172555923462,0.6030244827270508
0.2338992804288864,0.24966323375701904,0.01576395332813263,0.012775721307377128,0.22669124603271484,0.61566162109375
2.7663851142278872e-05,0.009990572929382324,0.009962909078240045,0.00996263347343065,0.009776949882507324,0.9936438798904419
0.8074485063552856,0.7936409711837769,0.013807535171508789,0.007639241241429135,0.8103179931640625,0.587777316570282
0.19178788363933563,0.20632219314575195,0.01453430950641632,0.012195382841142192,0.22669124603271484,0.5993204116821289
0.7310052514076233,0.9031597375869751,0.1721544861793518,0.09945347423952572,0.8821612596511841,0.3316454291343689
0.9203230142593384,0.8797496557235718,0.0405733585357666,0.021128403000166926,0.8821612596511841,0.5614978075027466
1.1529568433761597,1.0915446281433105,0.06141221523284912,0.028524591852266554,1.1152548789978027,0.42476707696914673
0.5360304117202759,0.6169744729995728,0.08094406127929688,0.05269691320020393,0.4614841938018799,0.2908083200454712
1.2149226665496826,0.769957423210144,0.4449652433395386,0.20089425696865865,0.8103179931640625,0.2062469720840454
0.3252868950366974,0.8830004930496216,0.5577135980129242,0.420824804124756,1.5201218128204346,0.16843199729919434
0.00014453825133387,0.3213387727737427,0.3211942345224088,0.32114781637860973,0.009776949882507324,0.46409666538238525
0.9086058139801025,0.928078293800354,0.019472479820251465,0.010202462801705826,0.9568556547164917,0.6776365041732788
0.19184495508670807,0.19893479347229004,0.00708983838558197,0.005948624739588025,0.20305168628692627,0.6189601421356201
0.9399070143699646,0.9399223327636719,1.531839370727539e-05,7.896457713593266e-06,0.9568556547164917,0.6068365573883057
0.8137158155441284,0.8451488018035889,0.03143298625946045,0.017330711895474273,0.8821612596511841,0.6107587814331055
0.8048372268676758,0.8313100337982178,0.026472806930541992,0.014667697749389832,0.8821612596511841,0.544338583946228
0.9837445020675659,0.7313543558120728,0.25239014625549316,0.12722915979978192,0.02961885929107666,0.14545023441314697
0.34767773747444153,0.3747835159301758,0.027105778455734253,0.020112952601362023,0.37860918045043945,0.6036288738250732
0.948357343673706,1.363576889038086,0.4152195453643799,0.21311262367377987,0.9568556547164917,0.1870679259300232
1.174280047416687,1.1657357215881348,0.008544325828552246,0.003929726457594071,1.199199914932251,0.31800180673599243
0.00012813009379897267,0.00982809066772461,0.009699960573925637,0.009698717876294418,0.009776949882507324,0.9991651177406311
0.9410573840141296,0.9430932998657227,0.0020359158515930176,0.001048869481325029,0.9568556547164917,0.37999987602233887
1.422927737236023,1.3767204284667969,0.046207308769226074,0.01907085715314708,1.4715566635131836,0.30255019664764404
0.7697198390960693,0.775269627571106,0.005549788475036621,0.003135970085452238,0.7412172555923462,0.5778380036354065
0.0001382653135806322,0.009836792945861816,0.009698527632281184,0.009697186847700837,0.009776949882507324,0.9991292357444763
0.7024878263473511,0.6626501083374023,0.03983771800994873,0.023399707999921297,0.6747537851333618,0.5968034863471985
1.0652114152908325,1.076280117034912,0.01106870174407959,0.00535959740592507,1.1152548789978027,0.6483596563339233
0.7610219120979309,0.7476209402084351,0.01340097188949585,0.007609770098505519,0.7412172555923462,0.5986433029174805
1.0656675100326538,0.9538787603378296,0.11178874969482422,0.05411749429754892,1.1152548789978027,0.47006309032440186
0.20275405049324036,0.9349496364593506,0.7321955859661102,0.6087658450751775,0.8103179931640625,0.2571030855178833
0.7627342939376831,0.8183141946792603,0.05557990074157715,0.03153050402021737,0.8103179931640625,0.49655961990356445
7.451182318618521e-05,0.009941697120666504,0.009867185297480319,0.009866450130292736,0.009776949882507324,0.9982447624206543
0.17533564567565918,0.1899557113647461,0.014620065689086914,0.01243905580748583,0.20305168628692627,0.6343867778778076
0.8475650548934937,0.7969236373901367,0.050641417503356934,0.027409815621499863,0.8103179931640625,0.5537723302841187
0.5761904716491699,0.5941702127456665,0.017979741096496582,0.011407086529132712,0.5797851085662842,0.6076579093933105
2.3102240447769873e-05,0.015112042427062988,0.015088940186615218,0.015088591606343911,0.009776949882507324,0.9737939834594727
0.8026098608970642,0.7033772468566895,0.09923261404037476,0.05504941262830544,0.7076621055603027,0.6286618709564209
0.7674183249473572,0.8397166728973389,0.07229834794998169,0.040906188947732625,0.8821612596511841,0.6081299781799316
1.357833743095398,0.8438668251037598,0.5139669179916382,0.21798267986312514,1.5201218128204346,0.16425776481628418
0.19755646586418152,0.23254454135894775,0.034988075494766235,0.02921622194200097,0.22669124603271484,0.5870658159255981
1.5738515853881836,1.0421619415283203,0.5316896438598633,0.20657354405291975,1.5201218128204346,0.2060423493385315
0.9738505482673645,0.9198116064071655,0.054038941860198975,0.02737742323380768,0.9568556547164917,0.3650023937225342
0.8062373995780945,1.0737202167510986,0.26748281717300415,0.14808840589586034,0.8103179931640625,0.3646482825279236
1.1634174585342407,1.039792776107788,0.12362468242645264,0.057143239710291914,0.8458901643753052,0.36415737867355347
1.4262233972549438,1.2500925064086914,0.17613089084625244,0.0725946716388643,1.4715566635131836,0.32626694440841675
0.0001560216478537768,0.010430216789245605,0.010274195141391829,0.010272592394598693,0.009776949882507324,0.9933381080627441
1.4188450574874878,1.3526184558868408,0.06622660160064697,0.027379431103139003,1.4715566635131836,0.4844461679458618
0.3976818919181824,0.41017580032348633,0.012493908405303955,0.008939021445113868,0.405698299407959,0.5454069375991821
0.19842758774757385,0.26762962341308594,0.06920203566551208,0.0577440275683041,0.22669124603271484,0.45624274015426636
0.19840635359287262,0.976047158241272,0.7776408046483994,0.6488957625408106,1.5201218128204346,0.22268450260162354
0.43108564615249634,0.33692944049835205,0.09415620565414429,0.06579355044702266,0.32598674297332764,0.5968602895736694
0.8896020650863647,0.901887059211731,0.012284994125366211,0.006501365738507871,0.8821612596511841,0.4057773947715759
0.9289563298225403,0.9624247550964355,0.033468425273895264,0.01735053549759433,0.9568556547164917,0.6979846358299255
0.0001857069437392056,0.2804650068283081,0.2802792998845689,0.2802272597366108,0.32598674297332764,0.48584097623825073
1.2274340391159058,1.054828405380249,0.17260563373565674,0.07749079465633285,1.199199914932251,0.2717267870903015
0.7698977589607239,0.7180240154266357,0.051873743534088135,0.029308892715106984,0.7076621055603027,0.6419216394424438
0.35754698514938354,0.9107714891433716,0.553224503993988,0.40751775816666236,1.5201218128204346,0.1667027473449707
0.7363865375518799,0.7408391237258911,0.0044525861740112305,0.002564282823966663,1.5201218128204346,0.16207939386367798
0.9405369758605957,1.1371965408325195,0.19665956497192383,0.10134285891909305,1.569641351699829,0.3076433539390564
0.676379382610321,0.8288637399673462,0.15248435735702515,0.09096053013941806,0.7412172555923462,0.2955431342124939
1.63081693649292,1.1995840072631836,0.43123292922973633,0.16391597729509935,1.2864758968353271,0.30290746688842773
0.928518533706665,0.9400157928466797,0.011497259140014648,0.005961705287797573,0.9568556547164917,0.6810617446899414
0.28746160864830017,0.31259894371032715,0.025137335062026978,0.019524725936036685,0.3004337549209595,0.6176438331604004
0.2091718167066574,0.23633015155792236,0.027158334851264954,0.022460277750464233,0.22669124603271484,0.6295609474182129
0.9700276255607605,0.9896105527877808,0.019582927227020264,0.009940432800502512,0.995307207107544,0.6168270111083984
0.9420444965362549,0.9580503702163696,0.016005873680114746,0.008241764649915138,0.9568556547164917,0.31893885135650635
0.0002660397149156779,0.009853482246398926,0.009587442531483248,0.009584892569396588,0.009776949882507324,0.9990587830543518
1.2824543714523315,1.3261830806732178,0.04372870922088623,0.019158634568042444,1.2864758968353271,0.4806130528450012
1.0090302228927612,0.9705096483230591,0.03852057456970215,0.01917371582107768,0.9568556547164917,0.4798703193664551
0.3449930250644684,0.39865434169769287,0.05366131663322449,0.039897096589517546,0.37860918045043945,0.5796523690223694
0.23791994154453278,0.2775101661682129,0.039590224623680115,0.03198124797495711,0.27537310123443604,0.6003222465515137
0.922877311706543,1.1033473014831543,0.18046998977661133,0.09385413654730015,1.569641351699829,0.23350733518600464
0.42329537868499756,1.0260586738586426,0.602763295173645,0.4234983856482036,1.4715566635131836,0.21111083030700684
0.23771296441555023,0.26960432529449463,0.0318913608789444,0.025766362473227822,0.2507953643798828,0.5841859579086304
0.00032426181132905185,0.010124444961547852,0.0098001831502188,0.009797006355192463,0.009776949882507324,0.9981685280799866
0.23798906803131104,0.2441413402557373,0.0061522722244262695,0.004969569104685072,0.22669124603271484,0.5965205430984497
0.72226881980896,0.6065633296966553,0.11570549011230469,0.06718201524727083,0.6108274459838867,0.5912409424781799
0.9198020100593567,0.8505618572235107,0.06924015283584595,0.03606629875010141,0.8821612596511841,0.5120793581008911
0.9395500421524048,1.0004255771636963,0.060875535011291504,0.03138642143191893,0.995307207107544,0.6682425737380981
0.5765548348426819,0.5998846292495728,0.02332979440689087,0.014797959380346486,0.5797851085662842,0.5962640643119812
0.6073481440544128,0.5901061296463013,0.017242014408111572,0.010726994317870619,0.5797851085662842,0.6384274363517761
0.6276385188102722,0.8120359182357788,0.1843973994255066,0.11329137108422113,0.8821612596511841,0.15208566188812256
1.4122059345245361,1.0658800601959229,0.3463258743286133,0.14357226693287142,1.4715566635131836,0.2526934742927551
1.4245383739471436,1.2704787254333496,0.15405964851379395,0.06354184787060523,1.4715566635131836,0.3642962574958801
1.2348759174346924,1.206451416015625,0.028424501419067383,0.012718603837162697,1.199199914932251,0.4536083936691284
1.369274377822876,1.3435111045837402,0.025763273239135742,0.01087390868710174,1.4715566635131836,0.4463099241256714
1.632407546043396,0.949524998664856,0.68288254737854,0.2594136870656435,1.4715566635131836,0.18329811096191406
0.0007143551483750343,0.010326027870178223,0.009611672721803188,0.009604811475276653,0.009776949882507324,0.9945683479309082
0.8225957155227661,0.8199952840805054,0.002600431442260742,0.0014267735955446781,0.8821612596511841,0.3844069838523865
0.0005222870386205614,0.010602831840515137,0.010080544801894575,0.010075282612375693,0.009776949882507324,0.9952730536460876
0.10514461249113083,0.8421221971511841,0.7369775846600533,0.6668607676590087,0.8103179931640625,0.18042612075805664
0.40201321244239807,0.46744775772094727,0.0654345452785492,0.04667184638335752,0.4614841938018799,0.5210673809051514
0.6060061454772949,0.5802568197250366,0.0257493257522583,0.016033142727860338,0.5797851085662842,0.6543182730674744
2.139799118041992,1.8461308479309082,0.293668270111084,0.0935309104406075,2.0614800453186035,0.30544573068618774
0.8019379377365112,0.8560962677001953,0.05415832996368408,0.03005560226547791,0.8821612596511841,0.5228015184402466
0.17813320457935333,0.16003048419952393,0.018102720379829407,0.015365597293637857,0.15713047981262207,0.6619654893875122
1.3587422370910645,1.0346331596374512,0.3241090774536133,0.13740758627925495,1.4715566635131836,0.2055186629295349
1.8076376914978027,1.7827937602996826,0.024843931198120117,0.008848695568289837,1.8322229385375977,0.4141795039176941
0.9247894883155823,0.822481632232666,0.10230785608291626,0.05315275083533821,0.8103179931640625,0.5831210613250732
0.19186875224113464,0.18202602863311768,0.009842723608016968,0.00825822775327331,0.17986774444580078,0.6229166984558105
0.8501161336898804,1.1231324672698975,0.2730163335800171,0.14756713300775992,1.0744919776916504,0.12046802043914795
0.00025975791504606605,0.009822249412536621,0.009562491497490555,0.009560008209690182,0.009776949882507324,0.9991679191589355
1.9420131138758734e-05,0.01203906536102295,0.01201964522988419,0.012019411811330604,0.009776949882507324,0.9780146479606628
0.3995620906352997,0.3589860200881958,0.04057607054710388,0.028991976003497844,0.32598674297332764,0.5398404598236084
3.072573463214212e-06,0.04101693630218506,0.041013863728721844,0.041013737710999726,0.009776949882507324,0.837916910648346
0.7020171284675598,0.7418566942214966,0.03983956575393677,0.023407264878589677,0.7412172555923462,0.3024670481681824
1.1452421858848538e-05,0.009828686714172363,0.009817234292313515,0.009817121862492506,0.009776949882507324,0.9990806579589844
0.9385767579078674,0.8615634441375732,0.07701331377029419,0.03972672913576441,0.8821612596511841,0.5746352672576904
1.0666351318359375,1.075364351272583,0.008729219436645508,0.004223880307740016,1.0744919776916504,0.6580881476402283
0.9679605960845947,0.9370827674865723,0.03087782859802246,0.01569026771138417,0.9568556547164917,0.5961868762969971
0.22117801010608673,0.2685314416885376,0.04735343158245087,0.0387768459557646,0.22669124603271484,0.48377788066864014
0.7313066720962524,0.5743688344955444,0.156937837600708,0.09064704718701795,0.5194836854934692,0.24362123012542725
1.4224421977996826,1.0653603076934814,0.35708189010620117,0.14740574220121355,1.5201218128204346,0.2536476254463196
0.5163770914077759,0.9880614280700684,0.4716843366622925,0.31106005184000085,1.5201218128204346,0.24119168519973755
0.9107776880264282,0.7877793312072754,0.12299835681915283,0.06437083580675118,0.8103179931640625,0.608742892742157
1.074568510055542,0.9158343076705933,0.15873420238494873,0.07651432170861351,0.8821612596511841,0.5974985361099243
0.77003413438797,2.258626937866211,1.488592803478241,0.8409966647298337,2.2455203533172607,0.42197608947753906
1.4266101121902466,1.194596529006958,0.23201358318328857,0.09561222135264005,1.37721586227417,0.27985745668411255
1.1380771398544312,1.1010093688964844,0.03706777095794678,0.017336966130450514,1.1152548789978027,0.34831321239471436
1.4552057981491089,1.297431468963623,0.15777432918548584,0.06426114230604466,1.4715566635131836,0.406826376914978
1.285455584526062,1.0509943962097168,0.23446118831634521,0.10258838102293104,1.0744919776916504,0.2619515061378479
0.9244192838668823,0.9812710285186768,0.056851744651794434,0.029542285887697972,0.9568556547164917,0.3604663610458374
1.2530126571655273,1.1510121822357178,0.10200047492980957,0.04527292583350794,1.569641351699829,0.25281161069869995
0.9250724911689758,0.9580234289169312,0.03295093774795532,0.017116725681299558,0.9568556547164917,0.41028642654418945
1.0876678228378296,1.0931906700134277,0.0055228471755981445,0.002645462613918517,1.1152548789978027,0.6573691368103027
0.20892000198364258,0.2578214406967163,0.04890143871307373,0.04045051668665781,0.22669124603271484,0.5554066300392151
0.3984467387199402,0.3951064348220825,0.003340303897857666,0.0023885814206375806,0.37860918045043945,0.563437283039093
0.9405533075332642,1.0199580192565918,0.07940471172332764,0.040918593380082406,0.9568556547164917,0.39434534311294556
0.8267451524734497,1.1505930423736572,0.3238478899002075,0.17728137362877955,1.569641351699829,0.28114527463912964
0.028861479833722115,0.0975273847579956,0.06866590492427349,0.06673969846297563,0.0498504638671875,0.5712660551071167
0.7700595855712891,0.7601355314254761,0.009924054145812988,0.005606621509642562,0.7412172555923462,0.4935262203216553
1.4463376998901367,1.358445405960083,0.08789229393005371,0.03592811161517107,1.4715566635131836,0.47710156440734863
0.8513896465301514,0.8406625986099243,0.01072704792022705,0.005794052019428506,0.8103179931640625,0.38822633028030396
1.0694756507873535,1.095351219177246,0.025875568389892578,0.012503441816311271,1.1152548789978027,0.49452877044677734
1.0494089126586914,1.0729610919952393,0.02355217933654785,0.011492181570535715,1.1152548789978027,0.6216626167297363
0.9683785438537598,0.9132275581359863,0.05515098571777344,0.02801848551437516,0.9568556547164917,0.5905300378799438
1.0083622932434082,1.0199155807495117,0.011553287506103516,0.005752591325266078,1.4715566635131836,0.20551037788391113
0.7353771328926086,0.7396368980407715,0.004259765148162842,0.0024546624865699734,0.7412172555923462,0.6278541088104248
1.1450403928756714,1.160038948059082,0.014998555183410645,0.006992201747447455,1.199199914932251,0.6376484632492065
6.078670048736967e-05,0.011392951011657715,0.011332164311170345,0.01133147550816255,0.009776949882507324,0.9937862753868103
4.940016515320167e-05,0.028449058532714844,0.028399658367561642,0.02839825548905042,0.009776949882507324,0.9043667912483215
0.18161660432815552,0.9426240921020508,0.7610074877738953,0.6440392636548887,1.5201218128204346,0.17423897981643677
6.768014281988144e-05,0.01026618480682373,0.010198504664003849,0.010197814474463766,0.009776949882507324,0.9973185062408447
0.3974442183971405,0.39424872398376465,0.0031954944133758545,0.0022866704597633712,0.37860918045043945,0.5831634998321533
0.0568217858672142,1.0054056644439697,0.9485838785767555,0.8975816843124217,0.9568556547164917,0.2504895329475403
1.355870008468628,1.2911293506622314,0.06474065780639648,0.0274805730255378,1.4715566635131836,0.42183375358581543
1.394599199295044,1.343137264251709,0.05146193504333496,0.021490834482231956,1.4715566635131836,0.42467498779296875
1.0861055850982666,1.0801827907562256,0.005922794342041016,0.0028391632640022966,1.1152548789978027,0.636805534362793
0.20599879324436188,0.22225403785705566,0.016255244612693787,0.013478657444560243,0.22669124603271484,0.5856176614761353
0.3963085114955902,0.4066213369369507,0.010312825441360474,0.007385778541387229,0.37860918045043945,0.5744078755378723
1.0304797887802124,0.9763675928115845,0.05411219596862793,0.026649955477338297,0.9568556547164917,0.5387314558029175
0.13485173881053925,0.7183940410614014,0.5835423022508621,0.5142013553792361,0.995307207107544,0.155337393283844
0.20630605518817902,0.200089693069458,0.006216362118721008,0.005153221350407033,0.20305168628692627,0.6370958089828491
0.5288321375846863,0.5351947546005249,0.006362617015838623,0.004161749913166108,0.4902017116546631,0.431391179561615
0.20604008436203003,0.21748626232147217,0.011446177959442139,0.009490711053353527,0.22669124603271484,0.6412340998649597
0.8206782341003418,0.8002549409866333,0.020423293113708496,0.011217409386892753,0.8103179931640625,0.5981908440589905
0.39795175194740295,0.40835070610046387,0.010398954153060913,0.007438707479406748,0.405698299407959,0.5914989113807678
1.4153687953948975,1.3505117893218994,0.06485700607299805,0.026851802588761332,1.4715566635131836,0.45967817306518555
0.3282531499862671,0.45274925231933594,0.12449610233306885,0.09372919788246391,0.405698299407959,0.3725515604019165
0.3989410102367401,0.4240741729736328,0.0251331627368927,0.01796584884779342,0.405698299407959,0.5462136268615723
0.9743176698684692,0.9895257949829102,0.015208125114440918,0.007702977766214338,0.995307207107544,0.687149167060852
1.2015568017959595,1.1638057231903076,0.037751078605651855,0.017147447013338805,1.1152548789978027,0.39697086811065674
0.00016979790234472603,0.009884834289550781,0.009715036387206055,0.00971338707445615,0.009776949882507324,0.998532235622406
1.241545557975769,1.1968762874603271,0.044669270515441895,0.019927888753588637,1.2424135208129883,0.43363088369369507
0.32882964611053467,0.38396716117858887,0.0551375150680542,0.04149329090409814,0.37860918045043945,0.4922593832015991
1.4102658033370972,0.9936333894729614,0.41663241386413574,0.17285745550855577,1.4715566635131836,0.20005667209625244
0.2642333507537842,0.2588019371032715,0.005431413650512695,0.00429621133414514,0.2507953643798828,0.6054623126983643
0.982474148273468,0.7861572504043579,0.1963168978691101,0.09902620825602292,1.5201218128204346,0.15235871076583862
0.9229146838188171,1.2827260494232178,0.35981136560440063,0.1871176961891166,1.4715566635131836,0.3260297179222107
0.2818516492843628,0.29971349239349365,0.01786184310913086,0.01393440740127989,0.2507953643798828,0.4729756712913513
1.358999490737915,1.201270341873169,0.1577291488647461,0.06686273120618906,1.199199914932251,0.32886815071105957
0.46257469058036804,0.5268659591674805,0.06429126858711243,0.04395759683329461,0.549341082572937,0.6488054990768433
1.5103245973587036,0.9831101894378662,0.5272144079208374,0.2100184209147926,1.4715566635131836,0.19090396165847778
0.6790181398391724,0.6569329500198364,0.022085189819335938,0.013153633838316603,0.32598674297332764,0.2939456105232239
0.8472449779510498,0.5703854560852051,0.2768595218658447,0.14987699258651402,0.15713047981262207,0.1569400429725647
0.39659082889556885,0.33469974994659424,0.06189107894897461,0.044315827992310666,0.32598674297332764,0.5726430416107178
0.8214967250823975,0.8205908536911011,0.0009058713912963867,0.0004973225473438107,0.8103179931640625,0.5980167388916016
0.9699081778526306,1.0713071823120117,0.1013990044593811,0.05147397508137397,0.995307207107544,0.23520547151565552
0.9698148369789124,0.36322009563446045,0.6065947413444519,0.30794505653880694,0.32598674297332764,0.4841724634170532
0.20326367020606995,0.2602047920227051,0.05694112181663513,0.047322231383320534,0.20305168628692627,0.47850799560546875
0.0001309435028815642,0.009903192520141602,0.009772249017260037,0.009770969572277695,0.009776949882507324,0.99810391664505
0.07315731793642044,0.36653876304626465,0.2933814451098442,0.2733815818113125,0.009776949882507324,0.2957916855812073
3.311303089503781e-06,0.14537358283996582,0.14537027153687632,0.14536979017344098,0.009776949882507324,0.7139264345169067
0.07335010915994644,0.07696104049682617,0.0036109313368797302,0.0033641691616408485,0.0498504638671875,0.6079269647598267
6.38846104266122e-05,0.009904026985168457,0.009840142374741845,0.009839513781237144,0.009776949882507324,0.9986647963523865
0.9394738078117371,0.793208122253418,0.1462656855583191,0.07541513835824741,0.7412172555923462,0.36302846670150757
0.7617993354797363,0.709132194519043,0.05266714096069336,0.029893949838704047,0.7076621055603027,0.6037497520446777
0.00014556359383277595,0.009822607040405273,0.009677043446572497,0.009675635026365445,0.009776949882507324,0.999011754989624
0.9740235805511475,0.9799169301986694,0.005893349647521973,0.002985450480726552,0.9568556547164917,0.7002404928207397
1.645907998085022,1.9465842247009277,0.30067622661590576,0.11363820164326213,2.0614800453186035,0.32474929094314575
0.14150065183639526,0.14124572277069092,0.0002549290657043457,0.00022332800712310344,0.13483142852783203,0.6810410022735596
0.9610173106193542,0.9763396978378296,0.015322387218475342,0.007813489016900124,0.9568556547164917,0.5281620025634766
0.15974487364292145,0.1367119550704956,0.023032918572425842,0.019860332298841047,0.13483142852783203,0.6788610816001892
0.6062781810760498,0.5877683162689209,0.018509864807128906,0.011523449067040866,0.5797851085662842,0.6366015672683716
1.22366464138031,1.1641802787780762,0.05948436260223389,0.026750599661156532,1.199199914932251,0.3160799741744995
0.6087944507598877,0.7870136499404907,0.17821919918060303,0.11077810412413103,1.5201218128204346,0.1499696969985962
0.579099714756012,1.412078857421875,0.832979142665863,0.5275025604032658,1.671618938446045,0.2262973189353943
0.3276769816875458,0.3959784507751465,0.06830146908760071,0.05144434228330601,0.405698299407959,0.5981565713882446
0.8684679865837097,1.1386017799377441,0.2701337933540344,0.14457501830039093,1.569641351699829,0.35488462448120117
0.292070209980011,0.5277552604675293,0.2356850504875183,0.18240885724868194,0.3004337549209595,0.3591160178184509
0.20594510436058044,0.47355973720550537,0.2676146328449249,0.2219127818316575,0.3520420789718628,0.2639526128768921
1.2249940633773804,0.7581486701965332,0.46684539318084717,0.20981871406533534,1.5201218128204346,0.1527482271194458
1.0244399309158325,1.0761306285858154,0.05169069766998291,0.025533332395097866,0.9568556547164917,0.3498162627220154
0.4258524477481842,1.2642021179199219,0.8383496701717377,0.5879638327904994,1.4715566635131836,0.3647964596748352
0.18982236087322235,0.14426851272583008,0.04555384814739227,0.038286259903503456,0.13483142852783203,0.6491701602935791
1.3800491094589233,1.3982014656066895,0.018152356147766113,0.007626883023389732,1.4715566635131836,0.30371034145355225
0.863126814365387,0.8774200677871704,0.014293253421783447,0.007671648173155608,0.8821612596511841,0.6592662334442139
2.7733096430893056e-05,0.337563157081604,0.3375354239851731,0.3375260633423105,0.32598674297332764,0.5432075262069702
0.3493170738220215,0.8273411989212036,0.47802412509918213,0.35427116011001786,1.4715566635131836,0.15479445457458496
9.166745439870283e-05,0.00987541675567627,0.009783749301277567,0.009782852532089192,0.009776949882507324,0.9972558617591858
0.4438885748386383,1.153836965560913,0.7099483907222748,0.49169195123080395,1.4715566635131836,0.2653920650482178
1.3580443859100342,0.8517614603042603,0.5062829256057739,0.21470457834931103,1.5201218128204346,0.14379054307937622
0.19748641550540924,0.18764424324035645,0.009842172265052795,0.008219026234964698,0.20305168628692627,0.5836012363433838
0.8901204466819763,0.6700698137283325,0.2200506329536438,0.11642148696922096,0.8103179931640625,0.21393901109695435
0.18980568647384644,0.1609874963760376,0.028818190097808838,0.024220921470980296,0.15713047981262207,0.6422228813171387
9.465985931456089e-05,0.19830548763275146,0.1982108277734369,0.1981920669402631,0.009776949882507324,0.5678486824035645
1.1628369092941284,1.152151107788086,0.01068580150604248,0.00494064136788286,1.4715566635131836,0.24701166152954102
0.7823346853256226,0.9280011653900146,0.1456664800643921,0.08172790512561878,0.9568556547164917,0.5218555927276611
0.8541284799575806,0.8646373748779297,0.010508894920349121,0.005667835338244493,0.8821612596511841,0.5885679721832275
0.8266701102256775,0.8936617374420166,0.06699162721633911,0.03667417933940057,0.8821612596511841,0.6470582485198975
0.1906551569700241,0.21114110946655273,0.020485952496528625,0.017205613545286463,0.22669124603271484,0.6359869241714478
1.463382601737976,0.9416037797927856,0.5217788219451904,0.2118139592189467,0.8821612596511841,0.19810104370117188
2.1827056116308086e-05,0.010005593299865723,0.009983766243749415,0.009983548332279726,0.009776949882507324,0.9978802800178528
1.4738336176378652e-05,0.06140303611755371,0.06138829778137733,0.061387393033341814,0.009776949882507324,0.6311888694763184
0.2637619078159332,0.2996659278869629,0.03590402007102966,0.02841043067446141,0.3004337549209595,0.5987294316291809
1.3572391271591187,1.1262550354003906,0.23098409175872803,0.09798924898939033,1.4715566635131836,0.2507144808769226
0.398176372051239,0.38830745220184326,0.009868919849395752,0.0070584227045099035,0.37860918045043945,0.601391077041626
0.9107572436332703,0.9118070602416992,0.001049816608428955,0.0005494243771295342,0.8821612596511841,0.36459410190582275
0.17784711718559265,0.194632887840271,0.016785770654678345,0.014251230409925451,0.17986774444580078,0.528976559638977
8.428568253293633e-05,0.009871721267700195,0.009787435585167259,0.009786610714003545,0.009776949882507324,0.9989339113235474
0.3162465989589691,0.3116800785064697,0.00456652045249939,0.0034693502388618443,0.32598674297332764,0.5852096080780029
0.23543740808963776,0.2181316614151001,0.01730574667453766,0.014007789112762589,0.22669124603271484,0.6322964429855347
0.3477877080440521,0.357455849647522,0.009668141603469849,0.007173341577287814,0.3520420789718628,0.5834383964538574
0.16048941016197205,0.1834501028060913,0.022960692644119263,0.019785353009739735,0.17986774444580078,0.6342977285385132
0.00018209761765319854,0.009899020195007324,0.009716922577354126,0.009715153471051912,0.009776949882507324,0.9986292123794556
0.46019113063812256,0.4714946746826172,0.011303544044494629,0.007741140051682709,0.4614841938018799,0.5232789516448975
0.912572979927063,0.9043686389923096,0.008204340934753418,0.004289687777073111,1.5201218128204346,0.1684536337852478
0.1416008472442627,0.14066147804260254,0.0009393692016601562,0.0008228525792773558,0.13483142852783203,0.6936318874359131
0.3157568573951721,0.3431434631347656,0.027386605739593506,0.02081433631576222,0.32598674297332764,0.589146614074707
3.1910321712493896,2.5720832347869873,0.6189489364624023,0.14768412915281615,3.3455934524536133,0.28211766481399536
2.775468587875366,2.505854606628418,0.26961398124694824,0.0714120578602596,2.792208194732666,0.33836913108825684
0.45997628569602966,0.4948502779006958,0.03487399220466614,0.02388668401421349,0.5194836854934692,0.5661638975143433
1.1222312450408936,1.127612829208374,0.005381584167480469,0.002535814219141218,1.1152548789978027,0.5413579940795898
0.1983509510755539,0.20579886436462402,0.007447913289070129,0.00621513529269987,0.20305168628692627,0.6308808922767639
0.1906576007604599,0.20132791996002197,0.010670319199562073,0.008961702501833488,0.20305168628692627,0.6188019514083862
2.7837016582489014,0.8614065647125244,1.922295093536377,0.5080461588047129,0.11296224594116211,0.22798889875411987
1.1126478910446167,1.2235307693481445,0.11088287830352783,0.05248526210806518,1.2864758968353271,0.33065950870513916
1.1550408601760864,1.0577776432037354,0.09726321697235107,0.045132887626271635,1.0744919776916504,0.5055241584777832
0.189425989985466,0.18150031566619873,0.007925674319267273,0.006663444708622955,0.17986774444580078,0.6239944696426392
0.913785994052887,1.3073053359985352,0.3935193419456482,0.2056234830689086,2.2455203533172607,0.19212758541107178
1.0173829793930054,1.0379509925842285,0.020568013191223145,0.010195393438588291,1.0744919776916504,0.6596518754959106
0.2921915054321289,0.3074551820755005,0.015263676643371582,0.011812240352305343,0.32598674297332764,0.6177597045898438
0.1898306906223297,0.1922163963317871,0.0023857057094573975,0.0020050799901703466,0.20305168628692627,0.6348196268081665
0.1908593326807022,0.18026518821716309,0.010594144463539124,0.008896218195385858,0.17986774444580078,0.618771493434906
0.31609514355659485,0.3242833614349365,0.008188217878341675,0.0062216002531655604,0.32598674297332764,0.6010133624076843
1.1548939943313599,1.079892635345459,0.07500135898590088,0.03480512692652103,1.1152548789978027,0.5052179098129272
0.7166618704795837,0.6164346933364868,0.10022717714309692,0.058384926505705204,0.5797851085662842,0.545386791229248
1.4514530897140503,1.0262513160705566,0.42520177364349365,0.17344887219240704,1.4715566635131836,0.22909504175186157
0.8769376873970032,0.7793259620666504,0.09761172533035278,0.052005842274776753,0.8103179931640625,0.5743777751922607
0.23489046096801758,0.207136869430542,0.027753591537475586,0.022474537146978883,0.20305168628692627,0.5993566513061523
0.1896331012248993,0.20543920993804932,0.015806108713150024,0.013286540780409818,0.20305168628692627,0.6357526779174805
0.1895877569913864,0.17531752586364746,0.014270231127738953,0.011995946531788558,0.17986774444580078,0.615199089050293
0.26288071274757385,0.25738441944122314,0.005496293306350708,0.0043521872262921426,0.2507953643798828,0.6082805395126343
0.2647742033004761,0.2921452522277832,0.02737104892730713,0.021641055657113613,0.3004337549209595,0.6131307482719421
0.5030985474586487,0.4905862808227539,0.012512266635894775,0.008324315566035098,0.5194836854934692,0.5496531128883362
3.1355397701263428,2.491529941558838,0.6440098285675049,0.15572570072221312,2.719128370285034,0.3436373472213745
0.9403241276741028,0.9008768796920776,0.039447247982025146,0.020330236283414765,0.8821612596511841,0.548080325126648
1.2508758306503296,1.2322578430175781,0.018617987632751465,0.008271441444805199,1.2864758968353271,0.3701978921890259
2.2324419021606445,2.2550442218780518,0.022602319717407227,0.006992335949580184,2.792208194732666,0.2602139711380005
0.10314284265041351,0.11941444873809814,0.01627160608768463,0.0147502258624916,0.11296224594116211,0.6232917904853821
0.0001195179283968173,0.010050177574157715,0.009930659645760898,0.009929472895730327,0.009776949882507324,0.9984025359153748
1.2025389671325684,1.1922693252563477,0.010269641876220703,0.0046626379961806075,1.199199914932251,0.6111323833465576
0.10235975682735443,0.14467597007751465,0.04231621325016022,0.038386935832951996,0.13483142852783203,0.6424146890640259
1.3559622764587402,1.3503177165985107,0.005644559860229492,0.002395861732011202,1.4715566635131836,0.4400157928466797
1.0935702323913574,0.9778270721435547,0.11574316024780273,0.05528506207102323,0.9568556547164917,0.22066020965576172
0.9884000420570374,0.997893214225769,0.00949317216873169,0.004774276789348095,1.5201218128204346,0.2126883864402771
0.7062530517578125,0.6637428998947144,0.042510151863098145,0.02491433015712612,0.7076621055603027,0.5777175426483154
7.52464184188284e-05,0.009873270988464355,0.009798024570045527,0.009797287359261523,0.009776949882507324,0.9985634684562683
0.191930890083313,0.16996371746063232,0.021967172622680664,0.018429904624038408,0.17986774444580078,0.634994387626648
0.6060947775840759,0.5676686763763428,0.038426101207733154,0.023925176611018287,0.549341082572937,0.5610502362251282
0.10202097147703171,0.12071025371551514,0.01868928223848343,0.01695909853097832,0.11296224594116211,0.5640175938606262
0.5055553913116455,0.5468844175338745,0.041329026222229004,0.027451016721625233,0.549341082572937,0.6898331046104431
0.19737111032009125,0.19080054759979248,0.006570562720298767,0.005487490606435518,0.20305168628692627,0.5700551271438599
0.00012561965559143573,0.00995028018951416,0.009824660533922724,0.009823426518466747,0.009776949882507324,0.998116135597229
0.21566860377788544,0.5215345621109009,0.30586595833301544,0.25160307454061726,0.3520420789718628,0.2382429838180542
0.7469916343688965,0.8765852451324463,0.1295936107635498,0.07418101392933442,1.4715566635131836,0.2782561182975769
0.7376294136047363,0.7289606332778931,0.008668780326843262,0.004988854504286824,0.7412172555923462,0.6410511136054993
0.00011895655916305259,0.009831905364990234,0.009712948805827182,0.00971179352428623,0.009776949882507324,0.9990792870521545
0.6256280541419983,0.5692756175994873,0.056352436542510986,0.034665024633973626,0.549341082572937,0.6793776750564575
0.2211979478597641,0.21927917003631592,0.0019187778234481812,0.001571225882594198,0.22669124603271484,0.5903500914573669
0.20948167145252228,0.20480895042419434,0.004672721028327942,0.003863407886715849,0.22669124603271484,0.608167290687561
0.290024995803833,0.3163849115371704,0.026359915733337402,0.02043364726968888,0.3004337549209595,0.5024958848953247
0.9016925096511841,1.0039219856262207,0.10222947597503662,0.05375710082267083,0.009776949882507324,0.2893720865249634
1.972936749458313,1.4834251403808594,0.4895116090774536,0.16465591108409744,1.8322229385375977,0.279049277305603
0.8516181707382202,0.9675064086914062,0.11588823795318604,0.06258754627957806,0.9568556547164917,0.38763028383255005
6.113608833402395e-05,0.02106761932373047,0.021006483235396445,0.021005199059691258,0.009776949882507324,0.8827282786369324
0.24921144545078278,0.2345958948135376,0.014615550637245178,0.011699821267624633,0.22669124603271484,0.6294964551925659
0.10241430997848511,0.13111495971679688,0.028700649738311768,0.02603435884179687,0.13483142852783203,0.6652268171310425
0.4405803680419922,0.3770099878311157,0.06357038021087646,0.04412831218662243,0.32598674297332764,0.2351599931716919
1.2105680704116821,1.1725561618804932,0.038011908531188965,0.01719553857670163,1.199199914932251,0.5456404685974121
0.315530925989151,0.38228440284729004,0.06675347685813904,0.05074261314529488,0.32598674297332764,0.480765700340271
0.31534671783447266,0.3602466583251953,0.044899940490722656,0.03413544115930428,0.37860918045043945,0.5705515146255493
0.4656807780265808,0.8691122531890869,0.4034314751625061,0.2752519383556995,1.5201218128204346,0.21300667524337769
0.00011058324889745563,0.018198847770690918,0.018088264521793462,0.018086264483906413,0.009776949882507324,0.9346551299095154
0.30652591586112976,0.3808239698410034,0.07429805397987366,0.05686688115245222,0.37860918045043945,0.5745233297348022
0.5044336915016174,0.6555166244506836,0.15108293294906616,0.10042511930071578,0.7076621055603027,0.5482767224311829
0.3161909282207489,0.31593167781829834,0.0002592504024505615,0.00019697020917855813,0.32598674297332764,0.6048538684844971
0.31757017970085144,0.32426977157592773,0.006699591875076294,0.0050848083679287635,0.32598674297332764,0.5233222246170044
1.2492752075195312,1.213148593902588,0.03612661361694336,0.016061446592292847,1.2864758968353271,0.3679124116897583
0.8286059498786926,0.8072407245635986,0.021365225315093994,0.011683887015959528,0.8103179931640625,0.5834858417510986
1.3512351512908936,1.2967488765716553,0.05448627471923828,0.023173468927309888,1.4715566635131836,0.3188137412071228
1.248447299003601,1.0441317558288574,0.20431554317474365,0.0908696162304031,0.9568556547164917,0.36866986751556396
1.0245496034622192,0.9328395128250122,0.09171009063720703,0.045299008964943085,0.9568556547164917,0.5567317008972168
0.00010177848889725283,0.010174989700317383,0.01007321121142013,0.010072186079541062,0.009776949882507324,0.9963358640670776
1.1388235092163086,1.1821582317352295,0.0433347225189209,0.0202610090697943,1.199199914932251,0.2271273136138916
0.16093309223651886,0.12903916835784912,0.03189392387866974,0.02747266323266452,0.13483142852783203,0.5963460206985474
0.8046644926071167,0.693053126335144,0.11161136627197266,0.061846047688749496,0.7076621055603027,0.5481820106506348
3.0632386207580566,2.4955930709838867,0.5676455497741699,0.13970273536833713,3.5180492401123047,0.2713125944137573
0.262866348028183,0.28496408462524414,0.022097736597061157,0.017498080166253673,0.3004337549209595,0.5930963754653931
0.9287002682685852,0.8808282613754272,0.04787200689315796,0.02482086391585001,0.8821612596511841,0.47811734676361084
0.20522958040237427,0.20250070095062256,0.002728879451751709,0.0022641988681033317,0.20305168628692627,0.5384466648101807
0.7718197107315063,0.9380959272384644,0.166276216506958,0.09384488472493055,1.4715566635131836,0.19358956813812256
1.6536740064620972,0.5368925333023071,1.11678147315979,0.420843506188122,0.549341082572937,0.3507136106491089
0.0001410452532581985,0.010161519050598145,0.010020473797339946,0.010019060656392256,0.009776949882507324,0.9979326725006104
1.4472719430923462,1.301271677017212,0.14600026607513428,0.05965837449623597,1.4715566635131836,0.4157918095588684
0.5272362232208252,0.549802303314209,0.02256608009338379,0.014775762747293697,0.549341082572937,0.6637648344039917
0.5009534955024719,0.18936467170715332,0.3115888237953186,0.20759392261584259,0.13483142852783203,0.4598708152770996
0.4024454951286316,0.37425172328948975,0.028193771839141846,0.020103292382536355,0.37860918045043945,0.6044135093688965
0.2041601687669754,0.18726122379302979,0.016898944973945618,0.014033801658835502,0.17986774444580078,0.597249448299408
0.20438013970851898,0.1780458688735962,0.02633427083492279,0.021865414387600368,0.17986774444580078,0.5930601954460144
4.9521859182277694e-06,0.01787567138671875,0.017870719200800522,0.01787063070211481,0.009776949882507324,0.8764064311981201
5.624990080832504e-06,0.009841203689575195,0.009835578699494363,0.00983552337477294,0.009776949882507324,0.999076783657074
0.23723037540912628,0.21682512760162354,0.020405247807502747,0.016492682537603522,0.22669124603271484,0.5943238735198975
0.26372841000556946,0.2958049774169922,0.03207656741142273,0.025382485000302685,0.3004337549209595,0.5722804069519043
1.1644339561462402,1.2029259204864502,0.03849196434020996,0.017783847934424685,1.199199914932251,0.5990469455718994
0.6368239521980286,0.5769623517990112,0.059861600399017334,0.036571801334304446,0.549341082572937,0.5065199136734009
2.4910924434661865,2.3516671657562256,0.13942527770996094,0.03993743504870651,2.5082311630249023,0.3737064003944397
0.42807692289352417,0.5196425914764404,0.09156566858291626,0.06411816276492222,0.549341082572937,0.5221817493438721
3.343907883390784e-05,0.009857654571533203,0.009824215492699295,0.00982388699096775,0.009776949882507324,0.9983804225921631
0.3404216468334198,0.35835444927215576,0.017932802438735962,0.013378478690716454,0.3520420789718628,0.5807597041130066
0.08024092018604279,0.554885745048523,0.47464482486248016,0.4393879328147791,0.15713047981262207,0.14385879039764404
0.4453909695148468,0.3686676025390625,0.0767233669757843,0.05308139361181764,0.37860918045043945,0.4898030757904053
0.9899491667747498,0.850142240524292,0.13980692625045776,0.07025653146560154,0.8103179931640625,0.4044724106788635
0.3991817831993103,0.39973950386047363,0.0005577206611633301,0.0003986048616842834,0.37860918045043945,0.5725287199020386
2.1269590854644775,2.069180727005005,0.057778358459472656,0.018477491032118917,2.2455203533172607,0.4033910632133484
1.4332376718521118,1.2965221405029297,0.13671553134918213,0.05618667380121488,1.4715566635131836,0.2970547080039978
0.49575939774513245,0.3704092502593994,0.12535014748573303,0.08380368371724707,0.0498504638671875,0.24780064821243286
1.1977027654647827,1.0497498512268066,0.14795291423797607,0.0673216217238031,0.8821612596511841,0.2964211702346802
0.14591571688652039,0.12221598625183105,0.02369973063468933,0.020681914285181506,0.11296224594116211,0.6440236568450928
1.4041070938110352,0.6083197593688965,0.7957873344421387,0.33101159947939,0.3520420789718628,0.27940720319747925
0.0003036660491488874,0.20928704738616943,0.20898338133702055,0.20891993944442103,0.009776949882507324,0.6851714849472046
0.6032781004905701,0.5762066841125488,0.02707141637802124,0.016885040948128677,0.549341082572937,0.6638997793197632
0.39179080724716187,0.40949952602386475,0.01770871877670288,0.012723692874311441,0.13483142852783203,0.25657278299331665
1.726089596748352,1.765162467956543,0.03907287120819092,0.01433293727938971,1.8322229385375977,0.3331751823425293
0.3081607222557068,0.2843451499938965,0.023815572261810303,0.018205387042002214,0.27537310123443604,0.5901597738265991
1.2282887697219849,0.3060208559036255,0.9222679138183594,0.4138906619061888,0.3004337549209595,0.46349573135375977
0.34718844294548035,0.31867897510528564,0.028509467840194702,0.021162197456104852,0.32598674297332764,0.6073583364486694
0.017271345481276512,0.3451516628265381,0.3278803173452616,0.32231352903205945,0.0498504638671875,0.29041242599487305
0.28665193915367126,0.34965574741363525,0.06300380825996399,0.048967250849057425,0.32598674297332764,0.5085687637329102
1.3574659824371338,0.8149577379226685,0.5425082445144653,0.230123466703695,1.5201218128204346,0.13785558938980103
1.2738072872161865,1.2478609085083008,0.025946378707885742,0.011410984059098427,1.2864758968353271,0.3586951494216919
0.0003696548519656062,0.009859085083007812,0.009489430231042206,0.009485923713316203,0.009776949882507324,0.9987728595733643
0.27912455797195435,0.3446766138076782,0.06555205583572388,0.05124759385407809,0.3520420789718628,0.6039811372756958
0.255401611328125,0.3004375696182251,0.0450359582901001,0.0358737458066947,0.32598674297332764,0.5794081687927246
0.33824265003204346,0.396240234375,0.05799758434295654,0.04333861601374595,0.405698299407959,0.5879156589508057
0.8631772994995117,1.0609185695648193,0.19774127006530762,0.10613121473647465,1.4715566635131836,0.20661187171936035
0.13963332772254944,0.15189504623413086,0.012261718511581421,0.01075935409513279,0.13483142852783203,0.6498005390167236
1.5721330642700195,1.102780818939209,0.46935224533081055,0.18247588036974843,1.1152548789978027,0.306851327419281
0.18030843138694763,0.18310296535491943,0.0027945339679718018,0.0023676302682071183,0.20305168628692627,0.6022341847419739
0.2685467004776001,0.348730206489563,0.08018350601196289,0.0632089508267802,0.32598674297332764,0.5592688322067261
0.2567977011203766,0.32439935207366943,0.06760165095329285,0.05378880856722536,0.32598674297332764,0.6141549944877625
0.8390233516693115,0.8278006315231323,0.0112227201461792,0.0061025435789013515,0.8103179931640625,0.5750023722648621
0.2539297044277191,0.3394685983657837,0.08553889393806458,0.06821665810772357,0.32598674297332764,0.588057279586792
1.108111023902893,0.853041410446167,0.2550696134567261,0.12099439287808376,1.5201218128204346,0.1690717339515686
0.872719407081604,0.9521350860595703,0.07941567897796631,0.04240660863429914,1.0744919776916504,0.30321836471557617
0.03359955549240112,0.07857823371887207,0.04497867822647095,0.043516541766548414,0.0498504638671875,0.6238336563110352
6.673562165815383e-05,0.00982677936553955,0.009760043743881397,0.00975939244475959,0.009776949882507324,0.9984368681907654
0.6742011308670044,0.6957722902297974,0.02157115936279297,0.012884449165090513,0.7076621055603027,0.6267995834350586
0.20204980671405792,0.23375356197357178,0.031703755259513855,0.02637474344443325,0.22669124603271484,0.608340322971344
0.279166579246521,0.2989131212234497,0.01974654197692871,0.015437037128159019,0.32598674297332764,0.5547984838485718
0.22230803966522217,0.214288592338562,0.008019447326660156,0.00656090532535203,0.22669124603271484,0.6332587003707886
0.0001840665499912575,0.020926952362060547,0.02074288581206929,0.0207390684432909,0.009776949882507324,0.9377515316009521
1.2675800323486328,1.3313982486724854,0.06381821632385254,0.028143754757689057,1.4715566635131836,0.3966076970100403
0.00011519477266119793,0.011235475540161133,0.011120280767499935,0.011118999916832295,0.009776949882507324,0.9854097962379456
1.4131958484649658,0.7423849105834961,0.6708109378814697,0.2779761693640293,1.5201218128204346,0.14129036664962769
0.17866411805152893,0.17549026012420654,0.0031738579273223877,0.002692758588909239,0.17986774444580078,0.637776255607605
1.268059492111206,1.298318862915039,0.030259370803833008,0.01334152428941196,1.4715566635131836,0.40336495637893677
0.48969608545303345,0.757614254951477,0.2679181694984436,0.1798475354232851,1.5201218128204346,0.13593953847885132
1.8709336519241333,1.515087604522705,0.3558460474014282,0.12394784782397741,1.8322229385375977,0.29359185695648193
0.8189334869384766,0.8315986394882202,0.012665152549743652,0.006962955292587913,0.8103179931640625,0.5620063543319702
1.017945647239685,1.0867607593536377,0.06881511211395264,0.03410156869590799,1.0744919776916504,0.38687312602996826
1.1293964385986328,1.3102331161499023,0.18083667755126953,0.08492391283901983,1.1152548789978027,0.24267005920410156
0.8474944233894348,0.7380261421203613,0.10946828126907349,0.0592522932048919,0.7412172555923462,0.5922873020172119
0.17933805286884308,0.19242143630981445,0.013083383440971375,0.01109383641878162,0.22669124603271484,0.542367696762085
0.9833375811576843,1.1543183326721191,0.17098075151443481,0.08620859763804428,0.9568556547164917,0.3206406831741333
7.053980516502634e-05,0.009927988052368164,0.009857448247203138,0.009856752953770219,0.009776949882507324,0.9984196424484253
0.13876648247241974,0.1511995792388916,0.012433096766471863,0.01091803891125939,0.15713047981262207,0.6737070679664612
1.0961456298828125,1.0847537517547607,0.011391878128051758,0.005434678757834509,1.1152548789978027,0.6217911243438721
0.00016762556333560497,0.01051187515258789,0.010344249589252286,0.010342515919195024,0.009776949882507324,0.9959495663642883
1.3681071996688843,1.150763750076294,0.21734344959259033,0.09177939648297169,1.4715566635131836,0.255637526512146
0.5075002908706665,0.5388506650924683,0.03135037422180176,0.020796264127879636,0.549341082572937,0.6756834983825684
2.8377189664752223e-05,0.009868741035461426,0.009840363845796674,0.009840084611849325,0.009776949882507324,0.9987455606460571
0.8014433979988098,0.7943013906478882,0.007142007350921631,0.00396460269518074,0.8103179931640625,0.5834426283836365
4.2676292650867254e-05,0.009973526000976562,0.009930849708325695,0.009930425914563218,0.009776949882507324,0.997955858707428
0.00083728734171018,0.01049661636352539,0.00965932902181521,0.009651248153904243,0.009776949882507324,0.9960611462593079
0.823900580406189,0.732021689414978,0.09187889099121094,0.05037494476302496,0.7076621055603027,0.42628610134124756
1.514941692352295,1.2797300815582275,0.23521161079406738,0.09352567159283419,1.4715566635131836,0.33334845304489136
0.4055163264274597,0.39634835720062256,0.009167969226837158,0.006522847906107427,0.37860918045043945,0.5830225944519043
0.4043731689453125,0.39603185653686523,0.008341312408447266,0.005939527038039049,0.405698299407959,0.5828707814216614
0.0005819946527481079,0.010256171226501465,0.009674176573753357,0.009668549529627283,0.009776949882507324,0.9973779916763306
0.8483622074127197,0.8248871564865112,0.023475050926208496,0.012700460349201874,0.8103179931640625,0.526063859462738
0.8194966912269592,0.7859207391738892,0.03357595205307007,0.018453428475557417,0.8103179931640625,0.5079572200775146
0.0001777501602191478,0.010763287544250488,0.01058553738403134,0.010583656137457204,0.009776949882507324,0.9856564998626709
0.8222448825836182,0.7902854681015015,0.0319594144821167,0.01753848496849883,0.8103179931640625,0.5596140623092651
4.109764631721191e-05,0.009845137596130371,0.00980403994981316,0.009803637043405327,0.009776949882507324,0.9989746809005737
0.9807712435722351,0.994735598564148,0.013964354991912842,0.00704995846301198,1.0744919776916504,0.21582156419754028
0.33854931592941284,0.31670081615448,0.02184849977493286,0.016322521340771445,0.32598674297332764,0.6118417978286743
1.5857157707214355,1.0018484592437744,0.5838673114776611,0.22580490790554195,1.569641351699829,0.21803581714630127
0.571265697479248,0.5891155004501343,0.01784980297088623,0.011360142972332645,0.5797851085662842,0.59708571434021
1.035650372505188,0.9921448230743408,0.04350554943084717,0.021371818077633217,0.9568556547164917,0.4333096742630005
0.7263249158859253,0.7652523517608643,0.038927435874938965,0.022549310107687324,0.8103179931640625,0.38443368673324585
0.7323693037033081,0.9854661226272583,0.2530968189239502,0.14609865135736466,0.8821612596511841,0.20699000358581543
0.00018595403525978327,0.010090470314025879,0.009904516278766096,0.009902674836420398,0.009776949882507324,0.9975973963737488
1.0632306337356567,1.1313824653625488,0.06815183162689209,0.033031610966098024,1.199199914932251,0.2767462730407715
0.03757891058921814,0.08178961277008057,0.04421070218086243,0.042609484184442555,0.0498504638671875,0.6310203075408936
1.2179715633392334,1.200829267501831,0.017142295837402344,0.007728816780497411,1.199199914932251,0.3899778127670288
1.8410874605178833,1.7707092761993408,0.07037818431854248,0.024771565570077064,2.0614800453186035,0.3715924024581909
0.584716796875,0.5542131662368774,0.03050363063812256,0.01924863212043599,0.549341082572937,0.6565252542495728
1.2091323137283325,1.0843322277069092,0.12480008602142334,0.05649280726458587,1.1152548789978027,0.464977502822876
1.0820395946502686,1.0418567657470703,0.04018282890319824,0.01929974290904298,1.4715566635131836,0.19528931379318237
0.5645301342010498,0.5308505296707153,0.03367960453033447,0.02152697720171012,0.549341082572937,0.6395654082298279
1.5867586135864258,0.3828376531600952,1.2039209604263306,0.4654168170555148,0.0498504638671875,0.22762054204940796
0.10587868839502335,0.765933632850647,0.6600549444556236,0.5968601722613628,1.5201218128204346,0.13236719369888306
1.5135544538497925,1.060814380645752,0.4527400732040405,0.18011946091345585,1.4715566635131836,0.25163084268569946
1.1299521923065186,1.1536312103271484,0.023679018020629883,0.011117159392665967,1.199199914932251,0.6378248929977417
0.5313380360603333,0.6213246583938599,0.08998662233352661,0.05876339528862928,0.6108274459838867,0.5320831537246704
0.13794374465942383,0.18047094345092773,0.042527198791503906,0.03737196938872572,0.15713047981262207,0.593970537185669
1.0143293142318726,0.9763154983520508,0.03801381587982178,0.01887169868960461,0.9568556547164917,0.2660259008407593
0.18009953200817108,0.21335959434509277,0.03326006233692169,0.028184116199354105,0.22669124603271484,0.6329126954078674
4.0947707020677626e-05,0.00993657112121582,0.009895623414195143,0.00989521822769825,0.009776949882507324,0.9986441731452942
1.2801323464373127e-05,0.009892106056213379,0.009879304732749006,0.009879178266192458,0.009776949882507324,0.998943030834198
0.8910024166107178,0.9034777879714966,0.012475371360778809,0.006597226556240299,0.8821612596511841,0.6280781030654907
0.3692190945148468,0.41997456550598145,0.050755470991134644,0.03706891847657058,0.405698299407959,0.5096014142036438
0.17623808979988098,0.19742536544799805,0.021187275648117065,0.01801274404548637,0.20305168628692627,0.6106544733047485
1.0926172733306885,0.7650820016860962,0.3275352716445923,0.15651943421229378,1.5201218128204346,0.1550900936126709
0.9937512278556824,0.9696241617202759,0.024127066135406494,0.012101342333143346,0.8821612596511841,0.20261847972869873
0.851304829120636,0.8548271656036377,0.003522336483001709,0.0019026237211701154,0.8821612596511841,0.6127517223358154
0.10410630702972412,1.5005979537963867,1.3964916467666626,1.2648162933907297,1.569641351699829,0.27838099002838135
0.2663421928882599,1.0688977241516113,0.8025555312633514,0.6337588179328458,1.5201218128204346,0.21721935272216797
0.8506965041160583,0.8018498420715332,0.048846662044525146,0.026393664188529717,0.8103179931640625,0.4811602830886841
1.0195306539535522,1.2115230560302734,0.1919924020767212,0.09506783256835719,1.4715566635131836,0.2815997004508972
0.1046256273984909,0.1060330867767334,0.0014074593782424927,0.0012741505749393185,0.11296224594116211,0.6427125930786133
0.7376764416694641,0.7694872617721558,0.03181082010269165,0.01830652665816748,0.7412172555923462,0.34161776304244995
1.1089589595794678,1.1348350048065186,0.02587604522705078,0.01226958216020028,1.4715566635131836,0.26200419664382935
0.000169787323102355,0.0102614164352417,0.010091629112139344,0.010089915972316076,0.009776949882507324,0.9968972206115723
0.5853204131126404,0.593730092048645,0.008409678936004639,0.005304718759971656,0.5797851085662842,0.6276053786277771
0.21866433322429657,0.21451711654663086,0.0041472166776657104,0.0034030836585601546,0.22669124603271484,0.6348258852958679
0.760563850402832,0.7738714218139648,0.013307571411132812,0.007558698543133171,0.8103179931640625,0.6059091091156006
0.7573096752166748,0.727290153503418,0.030019521713256836,0.01708265887146809,0.7412172555923462,0.6469284296035767
0.17786914110183716,0.1816312074661255,0.00376206636428833,0.003193959526581286,0.17986774444580078,0.6324995160102844
1.0330517292022705,0.9854204654693604,0.047631263732910156,0.023428456368692462,0.9568556547164917,0.5858917236328125
0.1809960901737213,0.1710900068283081,0.009906083345413208,0.008387905284221602,0.13483142852783203,0.5505210757255554
1.2177678346633911,1.3138272762298584,0.09605944156646729,0.04331356964650315,1.37721586227417,0.42732131481170654
0.1790429949760437,0.2700223922729492,0.09097939729690552,0.07716376560021382,0.32598674297332764,0.5167146325111389
0.2093619406223297,0.2112276554107666,0.0018657147884368896,0.0015427265616419225,0.22669124603271484,0.5934664011001587
0.17638491094112396,0.672610878944397,0.496225968003273,0.4218227923429292,0.20305168628692627,0.13006997108459473
0.5856727361679077,0.5659725666046143,0.019700169563293457,0.012423855890278356,0.549341082572937,0.6492745876312256
0.36086568236351013,0.42276763916015625,0.06190195679664612,0.04548719068963271,0.405698299407959,0.5631439685821533
0.17857539653778076,0.4379546642303467,0.2593792676925659,0.22007863769643113,0.405698299407959,0.4607202410697937
0.3454262912273407,0.3780980110168457,0.032671719789505005,0.02428354492738567,0.37860918045043945,0.5988373756408691
0.5861336588859558,0.5504028797149658,0.03573077917098999,0.022526966104537513,0.549341082572937,0.6948051452636719
0.9613866806030273,0.9625401496887207,0.0011534690856933594,0.0005880885687154385,0.9568556547164917,0.6740037202835083
0.10382112860679626,0.9800587892532349,0.8762376606464386,0.7938221492031001,1.0744919776916504,0.3189072608947754
0.3395422697067261,0.2508615255355835,0.08868074417114258,0.06620227384878118,0.22669124603271484,0.5543696880340576
0.339784175157547,0.3729419708251953,0.033157795667648315,0.024748609725703953,0.37860918045043945,0.5866562128067017
0.4371836185455322,0.6588757038116455,0.22169208526611328,0.15425453115759247,1.5201218128204346,0.19862735271453857
0.1792721003293991,0.2243332862854004,0.04506118595600128,0.03821101673092631,0.22669124603271484,0.5797479152679443
0.3400810956954956,0.3769110441207886,0.03682994842529297,0.027483372867205775,0.37860918045043945,0.5393940210342407
0.36043548583984375,0.356866717338562,0.0035687685012817383,0.002623254493452598,0.3520420789718628,0.5956813097000122
0.9165596961975098,0.8244107961654663,0.09214890003204346,0.048080370371384,0.9568556547164917,0.30259811878204346
0.5089384317398071,0.5162756443023682,0.007337212562561035,0.004862499627702651,0.549341082572937,0.6153751611709595
0.9759553074836731,0.9853818416595459,0.009426534175872803,0.004770621147234977,0.9568556547164917,0.46860790252685547
0.18215744197368622,0.16211163997650146,0.020045801997184753,0.016956964686291723,0.15713047981262207,0.5785360336303711
0.6172714233398438,0.6196634769439697,0.0023920536041259766,0.0014790675019695347,0.6108274459838867,0.5950822830200195
1.015232801437378,0.9405670166015625,0.07466578483581543,0.037050699444034246,0.995307207107544,0.49503856897354126
1.421980857849121,2.039543390274048,0.6175625324249268,0.2549824167369197,2.8667235374450684,0.19338518381118774
0.00019889604300260544,0.0556340217590332,0.0554351257160306,0.05542410208143963,0.009776949882507324,0.6567296385765076
1.2402145330270287e-05,0.04323101043701172,0.04321860829168145,0.04321807229486795,0.009776949882507324,0.8296986818313599
0.39230841398239136,0.5266828536987305,0.1343744397163391,0.0965119785005038,0.549341082572937,0.5461110472679138
0.9968047142028809,0.9885295629501343,0.008275151252746582,0.004144196572597737,0.995307207107544,0.6882432103157043
0.9867541790008545,0.9666366577148438,0.020117521286010742,0.010125823062885371,0.9568556547164917,0.4765867590904236
1.1363677978515625,1.029346227645874,0.10702157020568848,0.050095105493218293,1.5201218128204346,0.22273826599121094
0.9195390939712524,0.9541226625442505,0.03458356857299805,0.018016600277439298,0.8103179931640625,0.38445013761520386
0.3302936255931854,0.948907732963562,0.6186141073703766,0.4650207258525599,1.4715566635131836,0.17994379997253418
0.9606812000274658,0.8887144327163696,0.07196676731109619,0.036704981569715696,0.995307207107544,0.22519022226333618
0.34451302886009216,0.35945773124694824,0.014944702386856079,0.01111532730889676,0.3520420789718628,0.6025031805038452
0.17982299625873566,0.18513524532318115,0.005312249064445496,0.00450258138830218,0.17986774444580078,0.6169978380203247
0.8575533032417297,0.8511505126953125,0.006402790546417236,0.003446894651821477,0.8821612596511841,0.5732867121696472
0.8207106590270996,0.8031916618347168,0.017518997192382812,0.009622065486091087,0.8103179931640625,0.5971226692199707
0.8218939900398254,0.8594858646392822,0.03759187459945679,0.020633403921945563,0.8821612596511841,0.6047995090484619
1.6252086162567139,0.9947474002838135,0.6304612159729004,0.24015661539000863,0.8821612596511841,0.23334282636642456
1.5694836378097534,0.8968319892883301,0.6726516485214233,0.2617847565259441,1.4715566635131836,0.20886224508285522
0.8856172561645508,0.9971452951431274,0.11152803897857666,0.05914670043136475,0.9568556547164917,0.5267056226730347
1.1283318996429443,1.135174036026001,0.006842136383056641,0.0032147882499926348,1.199199914932251,0.3449326753616333
0.7573044300079346,0.8656715154647827,0.10836708545684814,0.06166665468222762,0.8821612596511841,0.5397378206253052
0.3497791290283203,0.3582026958465576,0.008423566818237305,0.006240700153884633,0.3520420789718628,0.6025444269180298
1.127469778060913,1.0875484943389893,0.03992128372192383,0.018764677239415436,1.199199914932251,0.578085720539093
0.0002273570717079565,0.010598301887512207,0.01037094481580425,0.010368587444125206,0.009776949882507324,0.9939823150634766
0.7612121105194092,0.7166160345077515,0.044596076011657715,0.02532124083481667,0.7412172555923462,0.6190041303634644
0.34477686882019043,0.40547680854797363,0.0606999397277832,0.04513755488747878,0.37860918045043945,0.4159116744995117
0.00013018223398830742,0.014145731925964355,0.014015549691976048,0.014013725353902978,0.009776949882507324,0.9475411772727966
0.8495332598686218,1.1567237377166748,0.307190477848053,0.16609081032145034,1.4715566635131836,0.2853628993034363
0.5300509333610535,0.538689136505127,0.008638203144073486,0.005645696463906596,0.549341082572937,0.6773475408554077
0.2096879482269287,0.26219379901885986,0.05250585079193115,0.043404458868000095,0.32598674297332764,0.47509199380874634
0.25829431414604187,0.264890193939209,0.006595879793167114,0.005241921320802832,0.2507953643798828,0.5921753644943237
0.13508820533752441,0.6847248077392578,0.5496366024017334,0.4842236927642959,1.5201218128204346,0.14360272884368896
0.4490814208984375,0.4877530336380005,0.03867161273956299,0.02668698403129508,0.4614841938018799,0.5161302089691162
0.17768257856369019,0.16695761680603027,0.010724961757659912,0.009106835706731901,0.13483142852783203,0.5542250871658325
0.9876014590263367,0.8543249368667603,0.13327652215957642,0.06705394663217061,0.9568556547164917,0.47998911142349243
0.821418285369873,0.7389430999755859,0.08247518539428711,0.045280749653580525,0.7412172555923462,0.3901745080947876
0.1807955950498581,0.25863850116729736,0.07784290611743927,0.06592411628547143,0.22669124603271484,0.49948787689208984
0.17858240008354187,0.21934378147125244,0.04076138138771057,0.03458509255256253,0.22669124603271484,0.5756019353866577
0.00011272566916886717,0.009945034980773926,0.009832309311605059,0.009831201082884256,0.009776949882507324,0.9982439279556274
0.3004917800426483,0.6221061944961548,0.32161441445350647,0.2473021509162937,0.5194836854934692,0.13002294301986694
0.17994263768196106,0.3466463088989258,0.16670367121696472,0.14128116562044063,0.3520420789718628,0.5893439650535583
0.34991878271102905,0.313193678855896,0.03672510385513306,0.027205417337314457,0.3004337549209595,0.5782777070999146
0.07197922468185425,0.08639252185821533,0.014413297176361084,0.013445500476596189,0.0498504638671875,0.599083662033081
0.82588130235672,0.7781621217727661,0.04771918058395386,0.026134875537835497,0.8103179931640625,0.557538628578186
0.3006545901298523,1.0544967651367188,0.7538421750068665,0.5795867563359814,1.4715566635131836,0.20799100399017334
0.21964982151985168,0.24341952800750732,0.02376970648765564,0.019488959919688513,0.22669124603271484,0.5484756231307983
0.3489668369293213,0.37776029109954834,0.02879345417022705,0.02134481988880478,0.37860918045043945,0.5741784572601318
0.34931689500808716,0.44958722591400146,0.1002703309059143,0.07431192129652636,0.405698299407959,0.5093010663986206
1.2906631231307983,1.2685356140136719,0.022127509117126465,0.009659870495004677,1.2864758968353271,0.3993239402770996
0.1820995807647705,0.3502911329269409,0.1681915521621704,0.14228205042874417,0.22669124603271484,0.33483248949050903
0.9244980216026306,0.7264931201934814,0.19800490140914917,0.10288651855524387,1.5201218128204346,0.1534450650215149
0.9612388610839844,0.8758938312530518,0.08534502983093262,0.04351587739994204,0.8821612596511841,0.5934767723083496
0.00021661586652044207,0.00991678237915039,0.009700166512629949,0.00969806575771227,0.009776949882507324,0.9983943700790405
0.21932628750801086,0.30497491359710693,0.08564862608909607,0.07024258147024766,0.32598674297332764,0.6037580966949463
0.4495338499546051,0.5868216753005981,0.13728782534599304,0.09471170704312457,0.4614841938018799,0.29991668462753296
0.2200489193201065,0.3367809057235718,0.11673198640346527,0.09567811958598857,0.32598674297332764,0.584933876991272
0.7064412236213684,1.8446166515350342,1.1381754279136658,0.6669877708991684,2.0614800453186035,0.37841278314590454
0.757503867149353,0.6990200281143188,0.05848383903503418,0.033276648847375884,0.7412172555923462,0.565177321434021
0.18298238515853882,0.2519192695617676,0.06893688440322876,0.058273804638257654,0.15713047981262207,0.34698957204818726
0.8493524789810181,0.8558348417282104,0.006482362747192383,0.0035052067255259664,0.8821612596511841,0.579216480255127
0.18332858383655548,0.2212667465209961,0.03793816268444061,0.032060547850064215,0.22669124603271484,0.6039478778839111
0.7191334366798401,0.7275553941726685,0.00842195749282837,0.004898955085821426,0.7412172555923462,0.6275453567504883
0.35001927614212036,0.3433849811553955,0.0066342949867248535,0.0049142224144260605,0.32598674297332764,0.5785384178161621
1.4248404502868652,1.300673484802246,0.12416696548461914,0.05120624141267927,1.4715566635131836,0.4219040274620056
0.18239492177963257,0.2178938388824463,0.03549891710281372,0.030022893746349994,0.22669124603271484,0.6055503487586975
1.5639842748641968,1.0634570121765137,0.5005272626876831,0.19521463824663818,1.4715566635131836,0.23322850465774536
0.00021021816064603627,0.010065674781799316,0.00985545662115328,0.009853385260627654,0.009776949882507324,0.9976914525032043
0.34009018540382385,0.3806765079498291,0.04058632254600525,0.030286262065097456,0.37860918045043945,0.5945080518722534
0.8175489902496338,0.7685829401016235,0.048966050148010254,0.02694070443806026,0.8103179931640625,0.4966869354248047
0.5086925625801086,0.7590234279632568,0.2503308653831482,0.16592569725076517,0.009776949882507324,0.27605634927749634
0.1828327476978302,0.28341245651245117,0.10057970881462097,0.08503290850746326,0.3004337549209595,0.5186144113540649
0.5008220672607422,0.9401283264160156,0.43930625915527344,0.29271042100086037,1.4715566635131836,0.1703605055809021
1.0716299584601074e-05,0.009871125221252441,0.00986040892166784,0.009860303255704157,0.009776949882507324,0.9986400008201599
0.9757604598999023,0.9631509780883789,0.012609481811523438,0.006382090373527502,1.0744919776916504,0.2784896492958069
1.4388743693416473e-05,0.009892582893371582,0.009878194149678166,0.009878052016919504,0.009776949882507324,0.9989103674888611
1.588434100151062,1.1331758499145508,0.45525825023651123,0.1758817233206525,1.569641351699829,0.20958352088928223
0.17869317531585693,0.24305808544158936,0.06436491012573242,0.05460701009699528,0.22669124603271484,0.5566877722740173
0.00026902533136308193,0.011117339134216309,0.010848313802853227,0.010845396116569202,0.009776949882507324,0.9938511848449707
0.6991636157035828,0.5935832262039185,0.1055803894996643,0.06213668214402414,0.5797851085662842,0.6326149702072144
0.9584241509437561,0.9591038227081299,0.0006796717643737793,0.00034705033842962385,0.9568556547164917,0.5084121227264404
0.34511566162109375,0.3789135217666626,0.03379786014556885,0.02512635984390864,0.37860918045043945,0.5958623886108398
0.7587835192680359,0.7023541927337646,0.05642932653427124,0.03208429344263801,0.7076621055603027,0.6268733739852905
1.5559508800506592,1.611856460571289,0.05590558052062988,0.021872713187477934,1.7776434421539307,0.25824201107025146
1.0091372728347778,1.1655378341674805,0.15640056133270264,0.07784463682366033,1.199199914932251,0.34415584802627563
0.7623159885406494,0.695157527923584,0.06715846061706543,0.03810806975239353,0.7076621055603027,0.5950700640678406
0.001476647099480033,0.010062932968139648,0.008586285868659616,0.008573625649212678,0.009776949882507324,0.9973434209823608
0.17916645109653473,0.24942004680633545,0.07025359570980072,0.05957903198863082,0.22669124603271484,0.5468326210975647
0.5743614435195923,0.7559360265731812,0.18157458305358887,0.11533220900511036,1.5201218128204346,0.15900260210037231
0.3495104908943176,0.3737454414367676,0.02423495054244995,0.017958326894064753,0.37860918045043945,0.5958845615386963
0.12160219252109528,0.14658868312835693,0.024986490607261658,0.02227749800586424,0.13483142852783203,0.5657051205635071
0.29068729281425476,0.2882730960845947,0.002414196729660034,0.0018704737724627664,0.32598674297332764,0.5536342859268188
0.7897605895996094,0.708233118057251,0.0815274715423584,0.045552166036127245,0.7076621055603027,0.63054358959198
1.261757254600525,0.9457006454467773,0.31605660915374756,0.1397394032939976,1.4715566635131836,0.17475181818008423
0.1045195609331131,0.10843563079833984,0.003916069865226746,0.003545496162981846,0.11296224594116211,0.6192084550857544
0.2444397658109665,0.29414117336273193,0.04970140755176544,0.039938781222871346,0.3004337549209595,0.584121823310852
0.5099552869796753,0.4628114700317383,0.04714381694793701,0.031221995349436853,0.405698299407959,0.49632400274276733
0.00010911257413681597,0.010079503059387207,0.009970390485250391,0.009969302708969466,0.009776949882507324,0.9983580112457275
1.2851762771606445,1.0413787364959717,0.24379754066467285,0.10668653578339866,1.4715566635131836,0.32694000005722046
0.8237800002098083,0.7481042146682739,0.07567578554153442,0.041493922256428215,0.7412172555923462,0.587730884552002
0.6971576809883118,0.6539223194122314,0.04323536157608032,0.02547515888500291,0.6747537851333618,0.5997158288955688
1.2456657886505127,1.089829683303833,0.1558361053466797,0.06939416636895299,1.4715566635131836,0.2875053286552429
0.7000306844711304,0.852056622505188,0.15202593803405762,0.08942540827217599,0.7412172555923462,0.37163054943084717
0.895488977432251,1.0692675113677979,0.17377853393554688,0.09168005512274635,1.5201218128204346,0.22754192352294922
0.9244999885559082,1.125295877456665,0.20079588890075684,0.10433665372553655,1.4715566635131836,0.24113720655441284
1.200758934020996,1.4434499740600586,0.2426910400390625,0.11027606717271976,2.1216366291046143,0.21645420789718628
1.1928118467330933,1.1248323917388916,0.06797945499420166,0.031001043293102954,1.199199914932251,0.2799686789512634
0.7907168865203857,1.0601105690002441,0.2693936824798584,0.150439013842846,0.8103179931640625,0.3020257353782654
0.0005881790420971811,0.010312676429748535,0.009724497387651354,0.009718781004349863,0.009776949882507324,0.9967594146728516
1.0174040794372559,0.9271249771118164,0.09027910232543945,0.04475013372165993,0.9568556547164917,0.603827953338623
0.00011431083112256601,0.009843826293945312,0.009729515462822746,0.00972840340094449,0.009776949882507324,0.9990513324737549
0.1047656312584877,0.1530449390411377,0.048279307782649994,0.043700950153249145,0.13483142852783203,0.6318075060844421
0.7081758379936218,0.9191848039627075,0.2110089659690857,0.12352883191283823,1.5201218128204346,0.1785542368888855
1.2613428831100464,1.251133680343628,0.010209202766418457,0.004514663761374234,1.4715566635131836,0.37892115116119385
1.0889050960540771,1.232133150100708,0.14322805404663086,0.06856608963096857,1.4715566635131836,0.34272295236587524
3.0891518592834473,2.4517598152160645,0.6373920440673828,0.1558738990385832,2.5082311630249023,0.337486207485199
0.758318305015564,0.7252966165542603,0.03302168846130371,0.018780267695052755,0.7412172555923462,0.643485963344574
1.4475302696228027,1.3255946636199951,0.12193560600280762,0.04981985616937826,1.4715566635131836,0.418179452419281
0.17798344790935516,0.15021884441375732,0.02776460349559784,0.02356960409322687,0.13483142852783203,0.6515646576881409
0.1554902046918869,0.1870366334915161,0.03154642879962921,0.027301338143356318,0.20305168628692627,0.6228792667388916
0.49015605449676514,1.000582218170166,0.5104261636734009,0.3425320201418602,1.5201218128204346,0.20934182405471802
0.8228508830070496,0.7136476039886475,0.1092032790184021,0.05990796067655073,0.7412172555923462,0.5542719960212708
0.9836145043373108,0.8765861988067627,0.1070283055305481,0.05395620232485862,0.8821612596511841,0.2899145483970642
1.3763623237609863,0.8238180875778198,0.5525442361831665,0.23251683072835203,1.5201218128204346,0.17742854356765747
0.7005563974380493,0.7089436054229736,0.008387207984924316,0.004932037536396884,0.7412172555923462,0.5106171369552612
1.198834776878357,1.0399820804595947,0.1588526964187622,0.07224403492666343,1.2864758968353271,0.4014133810997009
0.0001480535138398409,0.009851813316345215,0.009703759802505374,0.00970232333944256,0.009776949882507324,0.9976843595504761
0.9573867917060852,0.9429812431335449,0.014405548572540283,0.00735958198634017,0.9568556547164917,0.6813313961029053
0.1043851226568222,0.1387244462966919,0.03433932363986969,0.03109361302989983,0.13483142852783203,0.667712926864624
0.2526855766773224,0.285697340965271,0.03301176428794861,0.026352793472333613,0.3004337549209595,0.6094503998756409
1.2237313985824585,1.1737020015716553,0.05002939701080322,0.022497949636675993,1.2864758968353271,0.30463314056396484
1.1016925573349,0.9217244386672974,0.17996811866760254,0.08563008801621075,1.4715566635131836,0.1958804726600647
0.5102742910385132,0.9258162975311279,0.41554200649261475,0.2751434020682923,1.4715566635131836,0.1567510962486267
0.9059820175170898,1.044004201889038,0.13802218437194824,0.07241526053417273,1.569641351699829,0.2492532730102539
1.4309022426605225,0.9878301620483398,0.4430720806121826,0.18226651522080892,1.4715566635131836,0.18400323390960693
0.34063300490379333,0.36177098751068115,0.021137982606887817,0.01576716560726828,0.37860918045043945,0.5832829475402832
0.9865948557853699,0.8248167037963867,0.16177815198898315,0.08143489927896075,1.5201218128204346,0.14357507228851318
0.5392038226127625,0.5798814296722412,0.04067760705947876,0.026427693630873054,0.549341082572937,0.6353561878204346
0.9873891472816467,0.95255446434021,0.03483468294143677,0.017527862114515264,0.8821612596511841,0.4232308268547058
0.8574292659759521,0.8763450384140015,0.018915772438049316,0.01018384537411193,0.8821612596511841,0.6189807653427124
0.5180978178977966,0.8695520162582397,0.3514541983604431,0.23150958667941657,1.4715566635131836,0.15629202127456665
0.861275851726532,0.943336009979248,0.08206015825271606,0.04408812276621787,0.8821612596511841,0.22806566953659058
1.327338695526123,0.9910634756088257,0.33627521991729736,0.14448916290685326,0.9568556547164917,0.4809056520462036
0.8804232478141785,0.8768630027770996,0.0035602450370788574,0.0018933211133277147,0.8821612596511841,0.5641509294509888
0.301681250333786,0.29400765895843506,0.007673591375350952,0.005895138593556016,0.3004337549209595,0.6232739686965942
0.9678694605827332,1.0037243366241455,0.035854876041412354,0.018220149638784915,0.9568556547164917,0.4409788250923157
0.03861166909337044,0.3820030689239502,0.34339139983057976,0.33062540124388795,0.11296224594116211,0.22102874517440796
7.21421602065675e-05,0.009900212287902832,0.009828070127696265,0.009827361160633007,0.009776949882507324,0.9985831379890442
1.2819088697433472,1.162796974182129,0.11911189556121826,0.05219835776115596,1.4715566635131836,0.19376158714294434
0.8240241408348083,0.7333458662033081,0.09067827463150024,0.04971330839404305,0.7412172555923462,0.6206057667732239
0.9077075123786926,0.8433678150177002,0.06433969736099243,0.033726185457417526,1.5201218128204346,0.15073180198669434
0.32256171107292175,0.33183133602142334,0.009269624948501587,0.007008841153417067,0.32598674297332764,0.6087254285812378
0.3007456660270691,0.37380051612854004,0.07305485010147095,0.05616382357406267,0.37860918045043945,0.5910314321517944
0.9073280692100525,0.7723301649093628,0.1349979043006897,0.07077854433118107,0.7412172555923462,0.26991182565689087
0.32186657190322876,1.0675668716430664,0.7457002997398376,0.5641267549917504,0.3520420789718628,0.12852424383163452
0.24154038727283478,0.27722108364105225,0.03568069636821747,0.02873905410889904,0.3004337549209595,0.5979297161102295
0.29400840401649475,0.3424391746520996,0.04843077063560486,0.037426936707118566,0.32598674297332764,0.5911108255386353
0.28364741802215576,0.32211923599243164,0.03847181797027588,0.029970704907078975,0.32598674297332764,0.6064242124557495
0.12120392918586731,0.8548654317855835,0.7336615025997162,0.6543515265170763,1.4715566635131836,0.13877034187316895
0.9566972255706787,0.9199123382568359,0.03678488731384277,0.01879947844414933,0.9568556547164917,0.6031790971755981
1.512647032737732,0.8980556726455688,0.6145913600921631,0.24459916259010567,1.5201218128204346,0.18096882104873657
0.13929101824760437,0.14143133163452148,0.0021403133869171143,0.0018786362330927774,0.13483142852783203,0.6698247790336609
0.889618456363678,0.7713508605957031,0.11826759576797485,0.06258808246166545,0.8103179931640625,0.5646642446517944
0.6173335313796997,0.5926586389541626,0.02467489242553711,0.01525652683679147,0.5797851085662842,0.6154016256332397
1.014611840248108,0.9239238500595093,0.09068799018859863,0.045015118236091584,0.9568556547164917,0.5869000554084778
0.20963245630264282,0.6633949279785156,0.4537624716758728,0.3751242530833218,0.22669124603271484,0.2417689561843872
1.1781045198440552,1.0881011486053467,0.0900033712387085,0.04132187891752432,1.199199914932251,0.5147086381912231
0.25850459933280945,0.9115453958511353,0.6530407965183258,0.5189021930190263,1.5201218128204346,0.1938023567199707
0.9919444918632507,0.6736239194869995,0.3183205723762512,0.15980393714610813,0.8821612596511841,0.2180238962173462
0.876049816608429,0.742374062538147,0.13367575407028198,0.07125384032282493,0.7412172555923462,0.5859364867210388
0.869621753692627,0.7955420017242432,0.07407975196838379,0.0396228551695397,0.8103179931640625,0.5874843597412109
0.301783949136734,0.3767373561859131,0.07495340704917908,0.05757745522894466,0.37860918045043945,0.5844672322273254
0.8517941832542419,0.8195632696151733,0.032230913639068604,0.017405235382275452,1.5201218128204346,0.17964458465576172
0.00013131268497090787,0.009911060333251953,0.009779747648281045,0.009778463611969268,0.009776949882507324,0.9986215233802795
0.3400765657424927,0.3669389486312866,0.026862382888793945,0.020045409027737437,0.37860918045043945,0.5927872657775879
0.890299916267395,0.7125052213668823,0.1777946949005127,0.09405634173205057,0.8103179931640625,0.26370203495025635
0.8628624677658081,0.9369226694107056,0.07406020164489746,0.03975612957285048,0.8821612596511841,0.48482948541641235
1.4475330114364624,1.0776939392089844,0.369839072227478,0.1511068780275281,1.4715566635131836,0.26218485832214355
0.3354530334472656,0.3687465190887451,0.03329348564147949,0.024930480374541892,0.37860918045043945,0.6010655164718628
0.08401814103126526,0.1542644500732422,0.07024630904197693,0.06480178364464372,0.009776949882507324,0.42907220125198364
0.7583882808685303,0.7356889247894287,0.022699356079101562,0.012909182986529884,0.7412172555923462,0.6347994804382324
1.0126482248306274,0.9115040302276611,0.10114419460296631,0.05025428356288045,0.8821612596511841,0.3217198848724365
0.3324618935585022,0.3796815872192383,0.047219693660736084,0.03543793176300909,0.37860918045043945,0.5895281434059143
2.295776539540384e-05,0.010228753089904785,0.010205795324509381,0.01020556102763358,0.009776949882507324,0.9970239400863647
1.2295602560043335,0.9838721752166748,0.2456880807876587,0.11019575726917746,0.8821612596511841,0.2365320324897766
0.34003525972366333,0.39259254932403564,0.052557289600372314,0.03922082588424611,0.37860918045043945,0.5777944922447205
9.877171396510676e-05,0.3531242609024048,0.3530254891884397,0.3529906236995233,0.37860918045043945,0.5682677030563354
0.85834801197052,0.8844854831695557,0.026137471199035645,0.0140648958271925,0.8821612596511841,0.639265775680542
0.00022072854335419834,0.009876728057861328,0.00965599951450713,0.009653868630146665,0.009776949882507324,0.9988101720809937
0.2576511800289154,0.2668064832687378,0.009155303239822388,0.007279684053261805,0.2507953643798828,0.6063728332519531
0.2578943371772766,0.2758132219314575,0.017918884754180908,0.014245143033548435,0.3004337549209595,0.6120318174362183
0.8214808702468872,0.7244271039962769,0.09705376625061035,0.05328289077087891,0.7412172555923462,0.5836577415466309
1.066733717918396,0.9575310945510864,0.10920262336730957,0.052838264755896036,1.0744919776916504,0.2167036533355713
0.8581409454345703,0.7949721813201904,0.06316876411437988,0.033995679536358514,0.8103179931640625,0.5323697924613953
0.30066823959350586,0.311251163482666,0.010582923889160156,0.008136528260632863,0.32598674297332764,0.6014131307601929
6.7684050009120256e-06,0.011095404624938965,0.011088636219938053,0.01108856116806519,0.009776949882507324,0.9936695694923401
1.6132960319519043,1.0043365955352783,0.608959436416626,0.2330235185647094,1.5201218128204346,0.18604767322540283
0.39011630415916443,0.43390870094299316,0.043792396783828735,0.03150268553271686,0.405698299407959,0.5393468141555786
0.5331567525863647,0.514717698097229,0.018439054489135742,0.012026855347980503,0.549341082572937,0.49417024850845337
1.5487157106399536,0.6777628660202026,0.870952844619751,0.3417222411208289,1.5201218128204346,0.18880629539489746
1.2706633806228638,1.2154440879821777,0.055219292640686035,0.02431857276244041,1.199199914932251,0.5947325229644775
0.9572628140449524,1.010241985321045,0.05297917127609253,0.027067990509973362,0.9568556547164917,0.3876499533653259
0.13819363713264465,0.1440032720565796,0.0058096349239349365,0.00510425883118681,0.13483142852783203,0.6865348815917969
0.8305522203445435,0.7933651208877563,0.03718709945678711,0.020314689219730543,0.8103179931640625,0.5683157444000244
0.1799713522195816,0.2661399841308594,0.08616863191127777,0.07302603724165889,0.32598674297332764,0.44279617071151733
0.8156685829162598,0.7867079973220825,0.028960585594177246,0.0159503699445313,0.8821612596511841,0.18414902687072754
0.351235032081604,0.6195682287216187,0.26833319664001465,0.1985836588521851,0.549341082572937,0.27488869428634644
1.0436729192733765,1.155935525894165,0.11226260662078857,0.05493178754881349,1.4715566635131836,0.2752206325531006
0.9448924660682678,0.9001132249832153,0.04477924108505249,0.023024018996575562,0.995307207107544,0.5947367548942566
1.0150232315063477,0.9708305597305298,0.04419267177581787,0.021931594179577407,0.9568556547164917,0.50860595703125
1.9660805463790894,1.9875824451446533,0.021501898765563965,0.007249263271630603,2.0614800453186035,0.3778652548789978
1.3852667808532715,1.0995001792907715,0.2857666015625,0.11980488046719617,1.569641351699829,0.24906879663467407
0.6216228604316711,0.5553610324859619,0.06626182794570923,0.04086142935113195,0.549341082572937,0.5399131774902344
0.9079471230506897,0.8307409286499023,0.07720619440078735,0.04046558390849921,0.8821612596511841,0.5308080911636353
0.9745082259178162,0.8787523508071899,0.09575587511062622,0.04849606289490931,1.5201218128204346,0.1694585084915161
0.13874731957912445,0.1829071044921875,0.04415978491306305,0.038779265736831145,0.17986774444580078,0.6365674734115601
1.4989417791366577,0.4251720905303955,1.0737696886062622,0.42968975810922316,0.009776949882507324,0.2709439992904663
0.5000162124633789,0.7366138696670532,0.23659765720367432,0.15773006667382974,0.7412172555923462,0.285126268863678
2.0523035345831886e-05,0.010031580924987793,0.010011057889641961,0.010010852436563564,0.009776949882507324,0.9984826445579529
0.0002672522095963359,0.009997367858886719,0.009730115649290383,0.009727515949159087,0.009776949882507324,0.9983745813369751
5.258819783193758e-06,0.01022028923034668,0.010215030410563486,0.010214976691841973,0.009776949882507324,0.9947079420089722
0.8153665065765381,0.8190122842788696,0.003645777702331543,0.00200828741145326,0.8103179931640625,0.5603213906288147
1.15134859085083,0.6776776313781738,0.47367095947265625,0.22017396970768258,1.5201218128204346,0.13071542978286743
0.3326038420200348,0.32736194133758545,0.005241900682449341,0.003933577644878599,0.32598674297332764,0.587120771408081
1.4504883289337158,0.7989883422851562,0.6514999866485596,0.265865370161566,1.5201218128204346,0.198053777217865
0.5331646203994751,0.5241330862045288,0.009031534194946289,0.005890779160161594,0.549341082572937,0.5901880264282227
0.9872029423713684,1.0313465595245361,0.044143617153167725,0.022213945144671673,1.0744919776916504,0.6365259885787964
0.26892539858818054,0.2961524724960327,0.027227073907852173,0.021456796387041583,0.3004337549209595,0.617148756980896
0.21314923465251923,0.15383732318878174,0.05931191146373749,0.04889086170896866,0.13483142852783203,0.630845308303833
1.1922487020492554,1.1102402210235596,0.0820084810256958,0.03740838388866941,1.1152548789978027,0.2792022228240967
2.2759013175964355,2.2316322326660156,0.04426908493041992,0.013513558754846935,2.2455203533172607,0.4638768434524536
1.1377580165863037,0.9146350622177124,0.2231229543685913,0.10437240914894896,1.2864758968353271,0.18110311031341553
1.0910261869430542,1.1099236011505127,0.018897414207458496,0.009037387635534732,1.569641351699829,0.2379191517829895
1.1298599243164062,1.1316239833831787,0.001764059066772461,0.0008282512134400803,1.199199914932251,0.36948955059051514
0.0006389822228811681,0.009857535362243652,0.009218553139362484,0.009212666409301606,0.009776949882507324,0.9989519119262695
1.0142830610275269,1.0301098823547363,0.015826821327209473,0.007857297533513432,1.0744919776916504,0.6427974104881287
0.8416566252708435,0.8609870672225952,0.01933044195175171,0.010496224804615178,0.8821612596511841,0.6294413805007935
0.8755732178688049,0.9146956205368042,0.03912240266799927,0.02085890451797646,0.8821612596511841,0.42597609758377075
0.00017346876848023385,0.009901285171508789,0.009727816403028555,0.009726129223370097,0.009776949882507324,0.9986468553543091
0.22701779007911682,0.2846674919128418,0.057649701833724976,0.046983590865465594,0.3004337549209595,0.6040481328964233
0.8746734857559204,0.8802565336227417,0.005583047866821289,0.002978144145763095,0.8821612596511841,0.544977068901062
1.6561843949602917e-05,0.010385990142822266,0.010369428298872663,0.010369256564863562,0.009776949882507324,0.9970596432685852
0.3497992157936096,0.38029348850250244,0.030494272708892822,0.022591710198145154,0.37860918045043945,0.5930899381637573
0.8411000967025757,0.9773880243301392,0.13628792762756348,0.07402526775793244,0.8103179931640625,0.3705199360847473
0.34432774782180786,0.34116625785827637,0.003161489963531494,0.002351725588238437,0.32598674297332764,0.5850526094436646
0.07217460125684738,0.10022330284118652,0.028048701584339142,0.026160572682340445,0.11296224594116211,0.6013723015785217
0.13925689458847046,0.16188132762908936,0.022624433040618896,0.019858938882078424,0.13483142852783203,0.6198519468307495
0.2846907377243042,0.30995988845825195,0.025269150733947754,0.01966944260741649,0.32598674297332764,0.6099069118499756
0.7092798352241516,0.736122727394104,0.026842892169952393,0.015704211573075902,0.7412172555923462,0.6361657381057739
0.3038504421710968,0.37198710441589355,0.06813666224479675,0.0522580351557342,0.37860918045043945,0.5969675779342651
0.8275471925735474,1.0861625671386719,0.2586153745651245,0.14150954657479625,0.8821612596511841,0.25771933794021606
1.3761098384857178,1.0960826873779297,0.2800271511077881,0.11785109702093903,1.569641351699829,0.3512043356895447
0.2232503592967987,0.895715594291687,0.6724652349948883,0.549736388699255,1.5201218128204346,0.17400211095809937
1.0725274085998535,1.0815248489379883,0.008997440338134766,0.0043412889502934034,1.1152548789978027,0.28813040256500244
0.28492480516433716,0.34056055545806885,0.05563575029373169,0.04329883746513562,0.32598674297332764,0.5960039496421814
0.8342626094818115,0.7720828056335449,0.0621798038482666,0.03389907395311989,0.8103179931640625,0.527348518371582
0.35091421008110046,0.35632336139678955,0.005409151315689087,0.00400406722745507,0.3004337549209595,0.4947514533996582
0.9955732822418213,0.971035361289978,0.02453792095184326,0.012296176326973787,0.9568556547164917,0.7037603855133057
0.38946619629859924,0.36121201515197754,0.028254181146621704,0.02033455813598636,0.37860918045043945,0.5771455764770508
0.2981625497341156,0.39179742336273193,0.09363487362861633,0.07212877435710516,0.37860918045043945,0.578057050704956
1.0004295110702515,0.976794958114624,0.02363455295562744,0.01181473919717506,0.995307207107544,0.6363040208816528
1.0107367038726807,0.9119951725006104,0.09874153137207031,0.049107141269114966,0.8821612596511841,0.37353402376174927
0.44312867522239685,0.4516010284423828,0.008472353219985962,0.005870823139648521,0.405698299407959,0.5394796133041382
0.9551998376846313,0.9160610437393188,0.0391387939453125,0.02001779725578388,0.9568556547164917,0.6240315437316895
0.22658266127109528,0.23284196853637695,0.006259307265281677,0.005103045610309883,0.22669124603271484,0.6082375049591064
0.8254982829093933,1.0804438591003418,0.2549455761909485,0.13965807504602426,1.569641351699829,0.3451001048088074
0.9877905249595642,1.0053832530975342,0.01759272813796997,0.008850393397628175,0.995307207107544,0.6684870719909668
0.0841996893286705,1.1267280578613281,1.0425283685326576,0.9615649024749163,1.2864758968353271,0.29787635803222656
1.015149474143982,0.5632983446121216,0.45185112953186035,0.22422710341316135,1.0345144271850586,0.4283304214477539
0.00025119498604908586,0.37015533447265625,0.36990413948660716,0.36981124475613986,0.37860918045043945,0.5706638097763062
9.741001122165471e-05,0.010054826736450195,0.00995741672522854,0.009956446867627438,0.009776949882507324,0.9980442523956299
0.9896469712257385,0.9682316780090332,0.021415293216705322,0.010763363313398383,0.9568556547164917,0.5856363773345947
0.49573296308517456,1.0100963115692139,0.5143633484840393,0.3438871517701177,1.569641351699829,0.16219818592071533
0.22653542459011078,0.24188756942749023,0.015352144837379456,0.012516674634578864,0.22669124603271484,0.6102005243301392
3.4874258041381836,2.39683198928833,1.0905938148498535,0.24303328064926158,3.4309821128845215,0.24895745515823364
0.006054850295186043,0.4913276433944702,0.48527279309928417,0.48235222260187954,0.02961885929107666,0.24733638763427734
0.854559600353241,0.7486366033554077,0.10592299699783325,0.0571149058664159,0.7412172555923462,0.5736509561538696
0.00018793364870361984,0.00985705852508545,0.00966912487638183,0.009667308063904237,0.009776949882507324,0.998062252998352
0.2583911418914795,0.33450591564178467,0.07611477375030518,0.06048578316905311,0.32598674297332764,0.49140703678131104
1.4313092231750488,1.186502456665039,0.24480676651000977,0.10068927645094704,1.4715566635131836,0.36919963359832764
0.28757569193840027,0.31625187397003174,0.02867618203163147,0.022271453407496748,0.32598674297332764,0.5999830961227417
0.30701446533203125,0.30639421939849854,0.0006202459335327148,0.00047455169776957967,0.32598674297332764,0.6100054979324341
0.2878725826740265,0.3247741460800171,0.0369015634059906,0.02865311669992338,0.32598674297332764,0.6023608446121216
1.0123090744018555,0.8543926477432251,0.15791642665863037,0.07847523457874875,0.8821612596511841,0.6211482286453247
1.1296391487121582,1.098008632659912,0.031630516052246094,0.014852523758014964,1.199199914932251,0.5596962571144104
1.4297322034835815,1.2185180187225342,0.21121418476104736,0.08692899754887519,1.2864758968353271,0.31363147497177124
1.3828356266021729,1.2715826034545898,0.11125302314758301,0.046689340173340164,1.4715566635131836,0.33468466997146606
1.0104540586471558,0.9180322885513306,0.0924217700958252,0.04597059539774624,0.9568556547164917,0.19143223762512207
0.30654871463775635,0.29435408115386963,0.012194633483886719,0.009333470193086302,0.3004337549209595,0.5958377718925476
1.061703085899353,1.0222852230072021,0.03941786289215088,0.019119078378328214,0.9568556547164917,0.5107318162918091
0.22607755661010742,0.43383848667144775,0.20776093006134033,0.16945170306824914,0.15713047981262207,0.2194700837135315
1.3800297975540161,0.4950125217437744,0.8850172758102417,0.37185134266797165,0.3520420789718628,0.2912038564682007
0.00010484182712389156,0.010447025299072266,0.010342183471948374,0.01034109929220411,0.009776949882507324,0.9954344630241394
0.7161444425582886,0.8906255960464478,0.17448115348815918,0.10167043586847321,0.7076621055603027,0.2945259213447571
0.835756242275238,0.6856770515441895,0.15007919073104858,0.08175333264564597,0.7076621055603027,0.44117653369903564
0.8369761109352112,0.8055256605148315,0.03145045042037964,0.01712077268352069,0.8103179931640625,0.5455067157745361
0.5345425605773926,0.4645274877548218,0.0700150728225708,0.04562602212624632,0.4614841938018799,0.528506338596344
0.18110701441764832,0.2141125202178955,0.03300550580024719,0.027944551507486176,0.22669124603271484,0.5782307386398315
0.00019331404473632574,0.01270592212677002,0.012512608082033694,0.012510189686664945,0.009776949882507324,0.9878212213516235
0.8741210699081421,0.8563947677612305,0.01772630214691162,0.009458461585825112,0.8821612596511841,0.587844729423523
8.857571810949594e-05,0.009853839874267578,0.009765264156158082,0.009764399267481056,0.009776949882507324,0.9974824786186218
1.1233758926391602,1.083836555480957,0.039539337158203125,0.01862097864785466,1.1152548789978027,0.42245352268218994
0.5468973517417908,0.5470795631408691,0.00018221139907836914,0.00011779152564531896,0.549341082572937,0.6563259959220886
0.3035791516304016,0.3588998317718506,0.055320680141448975,0.04243753060353777,0.37860918045043945,0.5706348419189453
1.0152572393417358,1.0356323719024658,0.02037513256072998,0.01011043759722968,0.9568556547164917,0.4835559129714966
0.49563491344451904,0.9697582721710205,0.47412335872650146,0.3170047412403423,0.9568556547164917,0.2033669352531433
1.2303906679153442,1.140587568283081,0.08980309963226318,0.04026339462592825,1.4715566635131836,0.2896774411201477
0.3075375258922577,0.31650352478027344,0.008965998888015747,0.006857163722239933,0.32598674297332764,0.6116594076156616
0.18201351165771484,0.1786665916442871,0.0033469200134277344,0.002831541247556338,0.17986774444580078,0.5939168930053711
0.8152990937232971,0.9616390466690063,0.14633995294570923,0.08061478874291532,0.8821612596511841,0.18815165758132935
0.3025878667831421,0.31295132637023926,0.010363459587097168,0.00795605413759201,0.32598674297332764,0.5368608832359314
0.290068656206131,0.30777597427368164,0.01770731806755066,0.013725872636596585,0.32598674297332764,0.58644700050354
0.884713351726532,0.9334120750427246,0.04869872331619263,0.025838795736009997,0.8821612596511841,0.457070529460907
1.1917716264724731,1.0541529655456543,0.13761866092681885,0.06278877747327533,1.0744919776916504,0.5297116041183472
0.22662124037742615,0.29675567150115967,0.07013443112373352,0.05717692537441586,0.32598674297332764,0.5908666849136353
0.7316707968711853,0.9617302417755127,0.2300594449043274,0.13285403052358627,0.8458901643753052,0.3266356587409973
0.22039535641670227,0.2472822666168213,0.02688691020011902,0.022031311458824105,0.22669124603271484,0.5790232419967651
0.8398173451423645,0.8139116764068604,0.02590566873550415,0.014080565553913493,0.8821612596511841,0.5909905433654785
0.5370981097221375,0.5731894969940186,0.036091387271881104,0.023480210562750205,0.549341082572937,0.6158587336540222
0.39259761571884155,0.3738822937011719,0.018715322017669678,0.013439145526620094,0.37860918045043945,0.5571167469024658
1.031815767288208,1.0139129161834717,0.017902851104736328,0.008811257099668355,1.0744919776916504,0.6015359163284302
0.7593160271644592,0.9730468988418579,0.21373087167739868,0.12148520696527441,1.4715566635131836,0.15126454830169678
0.08408290147781372,0.10235297679901123,0.01827007532119751,0.01685302415183551,0.11296224594116211,0.6147987842559814
3.9226517401402816e-05,0.010758042335510254,0.010718815818108851,0.010718395372786245,0.009776949882507324,0.988155722618103
0.28944697976112366,0.2981839179992676,0.008736938238143921,0.006775725078484795,0.3004337549209595,0.602283239364624
